species,temperature,psi,dish,times,germinated,germinable
Anisantha rubens,20/10C,-0.2,A,2,0,25
Anisantha rubens,20/10C,-0.2,A,6,0,25
Anisantha rubens,20/10C,-0.2,A,10,0,25
Anisantha rubens,20/10C,-0.2,A,15,0,25
Anisantha rubens,20/10C,-0.2,A,18,0,25
Anisantha rubens,20/10C,-0.2,A,23,0,25
Anisantha rubens,20/10C,-0.2,A,30,7,25
Anisantha rubens,20/10C,-0.2,A,35,3,25
Anisantha rubens,20/10C,-0.2,A,40,2,25
Anisantha rubens,20/10C,-0.2,A,48,4,25
Anisantha rubens,20/10C,-0.2,A,51,3,25
Anisantha rubens,20/10C,-0.2,A,55,3,25
Anisantha rubens,20/10C,-0.2,A,58,0,25
Anisantha rubens,20/10C,-0.2,A,65,1,25
Anisantha rubens,20/10C,-0.2,A,71,1,25
Anisantha rubens,20/10C,-0.2,A,75,1,25
Anisantha rubens,20/10C,-0.2,B,2,0,24
Anisantha rubens,20/10C,-0.2,B,6,0,24
Anisantha rubens,20/10C,-0.2,B,10,0,24
Anisantha rubens,20/10C,-0.2,B,15,0,24
Anisantha rubens,20/10C,-0.2,B,18,0,24
Anisantha rubens,20/10C,-0.2,B,23,0,24
Anisantha rubens,20/10C,-0.2,B,30,10,24
Anisantha rubens,20/10C,-0.2,B,35,1,24
Anisantha rubens,20/10C,-0.2,B,40,4,24
Anisantha rubens,20/10C,-0.2,B,48,6,24
Anisantha rubens,20/10C,-0.2,B,51,1,24
Anisantha rubens,20/10C,-0.2,B,55,1,24
Anisantha rubens,20/10C,-0.2,B,58,1,24
Anisantha rubens,20/10C,-0.2,C,2,0,25
Anisantha rubens,20/10C,-0.2,C,6,0,25
Anisantha rubens,20/10C,-0.2,C,10,0,25
Anisantha rubens,20/10C,-0.2,C,15,0,25
Anisantha rubens,20/10C,-0.2,C,18,0,25
Anisantha rubens,20/10C,-0.2,C,23,0,25
Anisantha rubens,20/10C,-0.2,C,30,7,25
Anisantha rubens,20/10C,-0.2,C,35,2,25
Anisantha rubens,20/10C,-0.2,C,40,1,25
Anisantha rubens,20/10C,-0.2,C,48,8,25
Anisantha rubens,20/10C,-0.2,C,51,3,25
Anisantha rubens,20/10C,-0.2,C,55,1,25
Anisantha rubens,20/10C,-0.2,C,58,0,25
Anisantha rubens,20/10C,-0.2,C,65,0,25
Anisantha rubens,20/10C,-0.2,C,71,0,25
Anisantha rubens,20/10C,-0.2,C,75,1,25
Anisantha rubens,20/10C,-0.2,C,80,2,25
Anisantha rubens,20/10C,-0.2,D,2,0,25
Anisantha rubens,20/10C,-0.2,D,6,0,25
Anisantha rubens,20/10C,-0.2,D,10,0,25
Anisantha rubens,20/10C,-0.2,D,15,0,25
Anisantha rubens,20/10C,-0.2,D,18,0,25
Anisantha rubens,20/10C,-0.2,D,23,0,25
Anisantha rubens,20/10C,-0.2,D,30,8,25
Anisantha rubens,20/10C,-0.2,D,35,2,25
Anisantha rubens,20/10C,-0.2,D,40,2,25
Anisantha rubens,20/10C,-0.2,D,48,6,25
Anisantha rubens,20/10C,-0.2,D,51,1,25
Anisantha rubens,20/10C,-0.2,D,55,0,25
Anisantha rubens,20/10C,-0.2,D,58,1,25
Anisantha rubens,20/10C,-0.2,D,65,2,25
Anisantha rubens,20/10C,-0.2,D,71,2,25
Anisantha rubens,20/10C,-0.2,D,75,1,25
Anisantha rubens,20/10C,-0.4,A,2,0,25
Anisantha rubens,20/10C,-0.4,A,6,0,25
Anisantha rubens,20/10C,-0.4,A,10,0,25
Anisantha rubens,20/10C,-0.4,A,15,0,25
Anisantha rubens,20/10C,-0.4,A,18,0,25
Anisantha rubens,20/10C,-0.4,A,23,0,25
Anisantha rubens,20/10C,-0.4,A,30,8,25
Anisantha rubens,20/10C,-0.4,A,35,3,25
Anisantha rubens,20/10C,-0.4,A,40,1,25
Anisantha rubens,20/10C,-0.4,A,48,7,25
Anisantha rubens,20/10C,-0.4,A,51,1,25
Anisantha rubens,20/10C,-0.4,A,55,1,25
Anisantha rubens,20/10C,-0.4,A,58,0,25
Anisantha rubens,20/10C,-0.4,A,65,1,25
Anisantha rubens,20/10C,-0.4,A,71,2,25
Anisantha rubens,20/10C,-0.4,A,75,1,25
Anisantha rubens,20/10C,-0.4,B,2,0,25
Anisantha rubens,20/10C,-0.4,B,6,0,25
Anisantha rubens,20/10C,-0.4,B,10,0,25
Anisantha rubens,20/10C,-0.4,B,15,0,25
Anisantha rubens,20/10C,-0.4,B,18,0,25
Anisantha rubens,20/10C,-0.4,B,23,0,25
Anisantha rubens,20/10C,-0.4,B,30,6,25
Anisantha rubens,20/10C,-0.4,B,35,1,25
Anisantha rubens,20/10C,-0.4,B,40,0,25
Anisantha rubens,20/10C,-0.4,B,48,5,25
Anisantha rubens,20/10C,-0.4,B,51,3,25
Anisantha rubens,20/10C,-0.4,B,55,0,25
Anisantha rubens,20/10C,-0.4,B,58,2,25
Anisantha rubens,20/10C,-0.4,B,65,2,25
Anisantha rubens,20/10C,-0.4,B,71,2,25
Anisantha rubens,20/10C,-0.4,B,75,4,25
Anisantha rubens,20/10C,-0.4,C,2,0,25
Anisantha rubens,20/10C,-0.4,C,6,0,25
Anisantha rubens,20/10C,-0.4,C,10,0,25
Anisantha rubens,20/10C,-0.4,C,15,0,25
Anisantha rubens,20/10C,-0.4,C,18,0,25
Anisantha rubens,20/10C,-0.4,C,23,0,25
Anisantha rubens,20/10C,-0.4,C,30,5,25
Anisantha rubens,20/10C,-0.4,C,35,1,25
Anisantha rubens,20/10C,-0.4,C,40,3,25
Anisantha rubens,20/10C,-0.4,C,48,5,25
Anisantha rubens,20/10C,-0.4,C,51,5,25
Anisantha rubens,20/10C,-0.4,C,55,2,25
Anisantha rubens,20/10C,-0.4,C,58,0,25
Anisantha rubens,20/10C,-0.4,C,65,1,25
Anisantha rubens,20/10C,-0.4,C,71,1,25
Anisantha rubens,20/10C,-0.4,C,75,0,25
Anisantha rubens,20/10C,-0.4,C,80,1,25
Anisantha rubens,20/10C,-0.4,C,90,0,25
Anisantha rubens,20/10C,-0.4,C,94,0,25
Anisantha rubens,20/10C,-0.4,C,100,1,25
Anisantha rubens,20/10C,-0.4,D,2,0,25
Anisantha rubens,20/10C,-0.4,D,6,0,25
Anisantha rubens,20/10C,-0.4,D,10,0,25
Anisantha rubens,20/10C,-0.4,D,15,0,25
Anisantha rubens,20/10C,-0.4,D,18,0,25
Anisantha rubens,20/10C,-0.4,D,23,0,25
Anisantha rubens,20/10C,-0.4,D,30,6,25
Anisantha rubens,20/10C,-0.4,D,35,0,25
Anisantha rubens,20/10C,-0.4,D,40,3,25
Anisantha rubens,20/10C,-0.4,D,48,4,25
Anisantha rubens,20/10C,-0.4,D,51,2,25
Anisantha rubens,20/10C,-0.4,D,55,1,25
Anisantha rubens,20/10C,-0.4,D,58,2,25
Anisantha rubens,20/10C,-0.4,D,65,0,25
Anisantha rubens,20/10C,-0.4,D,71,1,25
Anisantha rubens,20/10C,-0.4,D,75,2,25
Anisantha rubens,20/10C,-0.4,D,80,1,25
Anisantha rubens,20/10C,-0.4,D,90,0,25
Anisantha rubens,20/10C,-0.4,D,94,1,25
Anisantha rubens,20/10C,-0.4,D,100,2,25
Anisantha rubens,20/10C,-0.6,A,2,0,25
Anisantha rubens,20/10C,-0.6,A,6,0,25
Anisantha rubens,20/10C,-0.6,A,10,0,25
Anisantha rubens,20/10C,-0.6,A,15,0,25
Anisantha rubens,20/10C,-0.6,A,18,0,25
Anisantha rubens,20/10C,-0.6,A,23,0,25
Anisantha rubens,20/10C,-0.6,A,30,1,25
Anisantha rubens,20/10C,-0.6,A,35,3,25
Anisantha rubens,20/10C,-0.6,A,40,2,25
Anisantha rubens,20/10C,-0.6,A,48,3,25
Anisantha rubens,20/10C,-0.6,A,51,0,25
Anisantha rubens,20/10C,-0.6,A,55,0,25
Anisantha rubens,20/10C,-0.6,A,58,0,25
Anisantha rubens,20/10C,-0.6,A,65,1,25
Anisantha rubens,20/10C,-0.6,A,71,2,25
Anisantha rubens,20/10C,-0.6,A,75,3,25
Anisantha rubens,20/10C,-0.6,A,80,2,25
Anisantha rubens,20/10C,-0.6,A,90,0,25
Anisantha rubens,20/10C,-0.6,A,94,1,25
Anisantha rubens,20/10C,-0.6,A,100,0,25
Anisantha rubens,20/10C,-0.6,A,106,2,25
Anisantha rubens,20/10C,-0.6,A,114,0,25
Anisantha rubens,20/10C,-0.6,A,118,0,25
Anisantha rubens,20/10C,-0.6,A,124,1,25
Anisantha rubens,20/10C,-0.6,A,129,0,25
Anisantha rubens,20/10C,-0.6,A,137,0,25
Anisantha rubens,20/10C,-0.6,A,143,0,25
Anisantha rubens,20/10C,-0.6,A,149,2,25
Anisantha rubens,20/10C,-0.6,A,152,0,25
Anisantha rubens,20/10C,-0.6,A,162,0,25
Anisantha rubens,20/10C,-0.6,A,168,0,25
Anisantha rubens,20/10C,-0.6,A,172,0,25
Anisantha rubens,20/10C,-0.6,A,177,0,25
Anisantha rubens,20/10C,-0.6,A,186,0,25
Anisantha rubens,20/10C,-0.6,A,191,0,25
Anisantha rubens,20/10C,-0.6,A,200,0,25
Anisantha rubens,20/10C,-0.6,A,204,0,25
Anisantha rubens,20/10C,-0.6,A,215,0,25
Anisantha rubens,20/10C,-0.6,A,223,0,25
Anisantha rubens,20/10C,-0.6,A,231,0,25
Anisantha rubens,20/10C,-0.6,A,258,0,25
Anisantha rubens,20/10C,-0.6,A,356,1,25
Anisantha rubens,20/10C,-0.6,A,427,0,25
Anisantha rubens,20/10C,-0.6,A,573,0,25
Anisantha rubens,20/10C,-0.6,A,832,1,25
Anisantha rubens,20/10C,-0.6,B,2,0,25
Anisantha rubens,20/10C,-0.6,B,6,0,25
Anisantha rubens,20/10C,-0.6,B,10,0,25
Anisantha rubens,20/10C,-0.6,B,15,0,25
Anisantha rubens,20/10C,-0.6,B,18,0,25
Anisantha rubens,20/10C,-0.6,B,23,0,25
Anisantha rubens,20/10C,-0.6,B,30,0,25
Anisantha rubens,20/10C,-0.6,B,35,2,25
Anisantha rubens,20/10C,-0.6,B,40,1,25
Anisantha rubens,20/10C,-0.6,B,48,6,25
Anisantha rubens,20/10C,-0.6,B,51,2,25
Anisantha rubens,20/10C,-0.6,B,55,4,25
Anisantha rubens,20/10C,-0.6,B,58,0,25
Anisantha rubens,20/10C,-0.6,B,65,0,25
Anisantha rubens,20/10C,-0.6,B,71,4,25
Anisantha rubens,20/10C,-0.6,B,75,1,25
Anisantha rubens,20/10C,-0.6,B,80,3,25
Anisantha rubens,20/10C,-0.6,B,90,0,25
Anisantha rubens,20/10C,-0.6,B,94,0,25
Anisantha rubens,20/10C,-0.6,B,100,0,25
Anisantha rubens,20/10C,-0.6,B,106,0,25
Anisantha rubens,20/10C,-0.6,B,114,0,25
Anisantha rubens,20/10C,-0.6,B,118,0,25
Anisantha rubens,20/10C,-0.6,B,124,1,25
Anisantha rubens,20/10C,-0.6,B,129,0,25
Anisantha rubens,20/10C,-0.6,B,137,0,25
Anisantha rubens,20/10C,-0.6,B,143,0,25
Anisantha rubens,20/10C,-0.6,B,149,0,25
Anisantha rubens,20/10C,-0.6,B,152,0,25
Anisantha rubens,20/10C,-0.6,B,162,0,25
Anisantha rubens,20/10C,-0.6,B,168,0,25
Anisantha rubens,20/10C,-0.6,B,172,0,25
Anisantha rubens,20/10C,-0.6,B,177,0,25
Anisantha rubens,20/10C,-0.6,B,186,0,25
Anisantha rubens,20/10C,-0.6,B,191,0,25
Anisantha rubens,20/10C,-0.6,B,200,1,25
Anisantha rubens,20/10C,-0.6,C,2,0,25
Anisantha rubens,20/10C,-0.6,C,6,0,25
Anisantha rubens,20/10C,-0.6,C,10,0,25
Anisantha rubens,20/10C,-0.6,C,15,0,25
Anisantha rubens,20/10C,-0.6,C,18,0,25
Anisantha rubens,20/10C,-0.6,C,23,0,25
Anisantha rubens,20/10C,-0.6,C,30,1,25
Anisantha rubens,20/10C,-0.6,C,35,0,25
Anisantha rubens,20/10C,-0.6,C,40,4,25
Anisantha rubens,20/10C,-0.6,C,48,2,25
Anisantha rubens,20/10C,-0.6,C,51,3,25
Anisantha rubens,20/10C,-0.6,C,55,1,25
Anisantha rubens,20/10C,-0.6,C,58,0,25
Anisantha rubens,20/10C,-0.6,C,65,1,25
Anisantha rubens,20/10C,-0.6,C,71,2,25
Anisantha rubens,20/10C,-0.6,C,75,4,25
Anisantha rubens,20/10C,-0.6,C,80,1,25
Anisantha rubens,20/10C,-0.6,C,90,1,25
Anisantha rubens,20/10C,-0.6,C,94,3,25
Anisantha rubens,20/10C,-0.6,C,100,0,25
Anisantha rubens,20/10C,-0.6,C,106,0,25
Anisantha rubens,20/10C,-0.6,C,114,0,25
Anisantha rubens,20/10C,-0.6,C,118,0,25
Anisantha rubens,20/10C,-0.6,C,124,0,25
Anisantha rubens,20/10C,-0.6,C,129,0,25
Anisantha rubens,20/10C,-0.6,C,137,0,25
Anisantha rubens,20/10C,-0.6,C,143,0,25
Anisantha rubens,20/10C,-0.6,C,149,0,25
Anisantha rubens,20/10C,-0.6,C,152,0,25
Anisantha rubens,20/10C,-0.6,C,162,0,25
Anisantha rubens,20/10C,-0.6,C,168,0,25
Anisantha rubens,20/10C,-0.6,C,172,0,25
Anisantha rubens,20/10C,-0.6,C,177,0,25
Anisantha rubens,20/10C,-0.6,C,186,0,25
Anisantha rubens,20/10C,-0.6,C,191,0,25
Anisantha rubens,20/10C,-0.6,C,200,1,25
Anisantha rubens,20/10C,-0.6,C,204,0,25
Anisantha rubens,20/10C,-0.6,C,215,0,25
Anisantha rubens,20/10C,-0.6,C,223,0,25
Anisantha rubens,20/10C,-0.6,C,231,0,25
Anisantha rubens,20/10C,-0.6,C,258,0,25
Anisantha rubens,20/10C,-0.6,C,356,1,25
Anisantha rubens,20/10C,-0.6,D,2,0,25
Anisantha rubens,20/10C,-0.6,D,6,0,25
Anisantha rubens,20/10C,-0.6,D,10,0,25
Anisantha rubens,20/10C,-0.6,D,15,0,25
Anisantha rubens,20/10C,-0.6,D,18,0,25
Anisantha rubens,20/10C,-0.6,D,23,0,25
Anisantha rubens,20/10C,-0.6,D,30,1,25
Anisantha rubens,20/10C,-0.6,D,35,1,25
Anisantha rubens,20/10C,-0.6,D,40,0,25
Anisantha rubens,20/10C,-0.6,D,48,5,25
Anisantha rubens,20/10C,-0.6,D,51,4,25
Anisantha rubens,20/10C,-0.6,D,55,0,25
Anisantha rubens,20/10C,-0.6,D,58,2,25
Anisantha rubens,20/10C,-0.6,D,65,0,25
Anisantha rubens,20/10C,-0.6,D,71,3,25
Anisantha rubens,20/10C,-0.6,D,75,3,25
Anisantha rubens,20/10C,-0.6,D,80,1,25
Anisantha rubens,20/10C,-0.6,D,90,0,25
Anisantha rubens,20/10C,-0.6,D,94,1,25
Anisantha rubens,20/10C,-0.6,D,100,2,25
Anisantha rubens,20/10C,-0.6,D,106,0,25
Anisantha rubens,20/10C,-0.6,D,114,0,25
Anisantha rubens,20/10C,-0.6,D,118,0,25
Anisantha rubens,20/10C,-0.6,D,124,0,25
Anisantha rubens,20/10C,-0.6,D,129,0,25
Anisantha rubens,20/10C,-0.6,D,137,0,25
Anisantha rubens,20/10C,-0.6,D,143,1,25
Anisantha rubens,20/10C,-0.6,D,149,0,25
Anisantha rubens,20/10C,-0.6,D,152,0,25
Anisantha rubens,20/10C,-0.6,D,162,0,25
Anisantha rubens,20/10C,-0.6,D,168,1,25
Anisantha rubens,20/10C,-0.8,A,2,0,24
Anisantha rubens,20/10C,-0.8,A,6,0,24
Anisantha rubens,20/10C,-0.8,A,10,0,24
Anisantha rubens,20/10C,-0.8,A,15,0,24
Anisantha rubens,20/10C,-0.8,A,18,0,24
Anisantha rubens,20/10C,-0.8,A,23,0,24
Anisantha rubens,20/10C,-0.8,A,30,0,24
Anisantha rubens,20/10C,-0.8,A,35,0,24
Anisantha rubens,20/10C,-0.8,A,40,0,24
Anisantha rubens,20/10C,-0.8,A,48,4,24
Anisantha rubens,20/10C,-0.8,A,51,1,24
Anisantha rubens,20/10C,-0.8,A,55,0,24
Anisantha rubens,20/10C,-0.8,A,58,0,24
Anisantha rubens,20/10C,-0.8,A,65,0,24
Anisantha rubens,20/10C,-0.8,A,71,0,24
Anisantha rubens,20/10C,-0.8,A,75,4,24
Anisantha rubens,20/10C,-0.8,A,80,2,24
Anisantha rubens,20/10C,-0.8,A,90,1,24
Anisantha rubens,20/10C,-0.8,A,94,0,24
Anisantha rubens,20/10C,-0.8,A,100,2,24
Anisantha rubens,20/10C,-0.8,A,106,0,24
Anisantha rubens,20/10C,-0.8,A,114,0,24
Anisantha rubens,20/10C,-0.8,A,118,0,24
Anisantha rubens,20/10C,-0.8,A,124,2,24
Anisantha rubens,20/10C,-0.8,A,129,0,24
Anisantha rubens,20/10C,-0.8,A,137,0,24
Anisantha rubens,20/10C,-0.8,A,143,0,24
Anisantha rubens,20/10C,-0.8,A,149,4,24
Anisantha rubens,20/10C,-0.8,A,152,0,24
Anisantha rubens,20/10C,-0.8,A,162,0,24
Anisantha rubens,20/10C,-0.8,A,168,0,24
Anisantha rubens,20/10C,-0.8,A,172,0,24
Anisantha rubens,20/10C,-0.8,A,177,0,24
Anisantha rubens,20/10C,-0.8,A,186,0,24
Anisantha rubens,20/10C,-0.8,A,191,0,24
Anisantha rubens,20/10C,-0.8,A,200,0,24
Anisantha rubens,20/10C,-0.8,A,204,0,24
Anisantha rubens,20/10C,-0.8,A,215,0,24
Anisantha rubens,20/10C,-0.8,A,223,0,24
Anisantha rubens,20/10C,-0.8,A,231,0,24
Anisantha rubens,20/10C,-0.8,A,258,0,24
Anisantha rubens,20/10C,-0.8,A,356,0,24
Anisantha rubens,20/10C,-0.8,A,427,1,24
Anisantha rubens,20/10C,-0.8,A,573,0,24
Anisantha rubens,20/10C,-0.8,A,832,1,24
Anisantha rubens,20/10C,-0.8,A,1216,1,24
Anisantha rubens,20/10C,-0.8,B,2,0,25
Anisantha rubens,20/10C,-0.8,B,6,0,25
Anisantha rubens,20/10C,-0.8,B,10,0,25
Anisantha rubens,20/10C,-0.8,B,15,0,25
Anisantha rubens,20/10C,-0.8,B,18,0,25
Anisantha rubens,20/10C,-0.8,B,23,0,25
Anisantha rubens,20/10C,-0.8,B,30,0,25
Anisantha rubens,20/10C,-0.8,B,35,0,25
Anisantha rubens,20/10C,-0.8,B,40,0,25
Anisantha rubens,20/10C,-0.8,B,48,7,25
Anisantha rubens,20/10C,-0.8,B,51,2,25
Anisantha rubens,20/10C,-0.8,B,55,2,25
Anisantha rubens,20/10C,-0.8,B,58,0,25
Anisantha rubens,20/10C,-0.8,B,65,0,25
Anisantha rubens,20/10C,-0.8,B,71,1,25
Anisantha rubens,20/10C,-0.8,B,75,3,25
Anisantha rubens,20/10C,-0.8,B,80,3,25
Anisantha rubens,20/10C,-0.8,B,90,0,25
Anisantha rubens,20/10C,-0.8,B,94,0,25
Anisantha rubens,20/10C,-0.8,B,100,1,25
Anisantha rubens,20/10C,-0.8,B,106,1,25
Anisantha rubens,20/10C,-0.8,B,114,0,25
Anisantha rubens,20/10C,-0.8,B,118,0,25
Anisantha rubens,20/10C,-0.8,B,124,2,25
Anisantha rubens,20/10C,-0.8,B,129,0,25
Anisantha rubens,20/10C,-0.8,B,137,0,25
Anisantha rubens,20/10C,-0.8,B,143,0,25
Anisantha rubens,20/10C,-0.8,B,149,2,25
Anisantha rubens,20/10C,-0.8,B,152,0,25
Anisantha rubens,20/10C,-0.8,B,162,0,25
Anisantha rubens,20/10C,-0.8,B,168,0,25
Anisantha rubens,20/10C,-0.8,B,172,0,25
Anisantha rubens,20/10C,-0.8,B,177,0,25
Anisantha rubens,20/10C,-0.8,B,186,0,25
Anisantha rubens,20/10C,-0.8,B,191,0,25
Anisantha rubens,20/10C,-0.8,B,200,0,25
Anisantha rubens,20/10C,-0.8,B,204,0,25
Anisantha rubens,20/10C,-0.8,B,215,0,25
Anisantha rubens,20/10C,-0.8,B,223,0,25
Anisantha rubens,20/10C,-0.8,B,231,0,25
Anisantha rubens,20/10C,-0.8,B,258,0,25
Anisantha rubens,20/10C,-0.8,B,356,0,25
Anisantha rubens,20/10C,-0.8,B,427,0,25
Anisantha rubens,20/10C,-0.8,B,573,0,25
Anisantha rubens,20/10C,-0.8,B,832,1,25
Anisantha rubens,20/10C,-0.8,C,2,0,25
Anisantha rubens,20/10C,-0.8,C,6,0,25
Anisantha rubens,20/10C,-0.8,C,10,0,25
Anisantha rubens,20/10C,-0.8,C,15,0,25
Anisantha rubens,20/10C,-0.8,C,18,0,25
Anisantha rubens,20/10C,-0.8,C,23,0,25
Anisantha rubens,20/10C,-0.8,C,30,1,25
Anisantha rubens,20/10C,-0.8,C,35,2,25
Anisantha rubens,20/10C,-0.8,C,40,0,25
Anisantha rubens,20/10C,-0.8,C,48,6,25
Anisantha rubens,20/10C,-0.8,C,51,0,25
Anisantha rubens,20/10C,-0.8,C,55,0,25
Anisantha rubens,20/10C,-0.8,C,58,0,25
Anisantha rubens,20/10C,-0.8,C,65,2,25
Anisantha rubens,20/10C,-0.8,C,71,3,25
Anisantha rubens,20/10C,-0.8,C,75,1,25
Anisantha rubens,20/10C,-0.8,C,80,0,25
Anisantha rubens,20/10C,-0.8,C,90,2,25
Anisantha rubens,20/10C,-0.8,C,94,0,25
Anisantha rubens,20/10C,-0.8,C,100,4,25
Anisantha rubens,20/10C,-0.8,C,106,0,25
Anisantha rubens,20/10C,-0.8,C,114,0,25
Anisantha rubens,20/10C,-0.8,C,118,0,25
Anisantha rubens,20/10C,-0.8,C,124,2,25
Anisantha rubens,20/10C,-0.8,C,129,0,25
Anisantha rubens,20/10C,-0.8,C,137,0,25
Anisantha rubens,20/10C,-0.8,C,143,0,25
Anisantha rubens,20/10C,-0.8,C,149,0,25
Anisantha rubens,20/10C,-0.8,C,152,0,25
Anisantha rubens,20/10C,-0.8,C,162,0,25
Anisantha rubens,20/10C,-0.8,C,168,0,25
Anisantha rubens,20/10C,-0.8,C,172,1,25
Anisantha rubens,20/10C,-0.8,C,177,0,25
Anisantha rubens,20/10C,-0.8,C,186,0,25
Anisantha rubens,20/10C,-0.8,C,191,0,25
Anisantha rubens,20/10C,-0.8,C,200,0,25
Anisantha rubens,20/10C,-0.8,C,204,0,25
Anisantha rubens,20/10C,-0.8,C,215,0,25
Anisantha rubens,20/10C,-0.8,C,223,0,25
Anisantha rubens,20/10C,-0.8,C,231,0,25
Anisantha rubens,20/10C,-0.8,C,258,0,25
Anisantha rubens,20/10C,-0.8,C,356,0,25
Anisantha rubens,20/10C,-0.8,C,427,0,25
Anisantha rubens,20/10C,-0.8,C,573,1,25
Anisantha rubens,20/10C,-0.8,D,2,0,25
Anisantha rubens,20/10C,-0.8,D,6,0,25
Anisantha rubens,20/10C,-0.8,D,10,0,25
Anisantha rubens,20/10C,-0.8,D,15,0,25
Anisantha rubens,20/10C,-0.8,D,18,0,25
Anisantha rubens,20/10C,-0.8,D,23,0,25
Anisantha rubens,20/10C,-0.8,D,30,2,25
Anisantha rubens,20/10C,-0.8,D,35,0,25
Anisantha rubens,20/10C,-0.8,D,40,0,25
Anisantha rubens,20/10C,-0.8,D,48,2,25
Anisantha rubens,20/10C,-0.8,D,51,2,25
Anisantha rubens,20/10C,-0.8,D,55,2,25
Anisantha rubens,20/10C,-0.8,D,58,0,25
Anisantha rubens,20/10C,-0.8,D,65,1,25
Anisantha rubens,20/10C,-0.8,D,71,3,25
Anisantha rubens,20/10C,-0.8,D,75,2,25
Anisantha rubens,20/10C,-0.8,D,80,1,25
Anisantha rubens,20/10C,-0.8,D,90,1,25
Anisantha rubens,20/10C,-0.8,D,94,2,25
Anisantha rubens,20/10C,-0.8,D,100,0,25
Anisantha rubens,20/10C,-0.8,D,106,2,25
Anisantha rubens,20/10C,-0.8,D,114,0,25
Anisantha rubens,20/10C,-0.8,D,118,0,25
Anisantha rubens,20/10C,-0.8,D,124,2,25
Anisantha rubens,20/10C,-0.8,D,129,0,25
Anisantha rubens,20/10C,-0.8,D,137,0,25
Anisantha rubens,20/10C,-0.8,D,143,0,25
Anisantha rubens,20/10C,-0.8,D,149,0,25
Anisantha rubens,20/10C,-0.8,D,152,0,25
Anisantha rubens,20/10C,-0.8,D,162,0,25
Anisantha rubens,20/10C,-0.8,D,168,0,25
Anisantha rubens,20/10C,-0.8,D,172,0,25
Anisantha rubens,20/10C,-0.8,D,177,0,25
Anisantha rubens,20/10C,-0.8,D,186,1,25
Anisantha rubens,20/10C,-0.8,D,191,0,25
Anisantha rubens,20/10C,-0.8,D,200,0,25
Anisantha rubens,20/10C,-0.8,D,204,0,25
Anisantha rubens,20/10C,-0.8,D,215,0,25
Anisantha rubens,20/10C,-0.8,D,223,0,25
Anisantha rubens,20/10C,-0.8,D,231,0,25
Anisantha rubens,20/10C,-0.8,D,258,0,25
Anisantha rubens,20/10C,-0.8,D,356,2,25
Anisantha rubens,20/10C,0,A,2,0,25
Anisantha rubens,20/10C,0,A,6,0,25
Anisantha rubens,20/10C,0,A,10,0,25
Anisantha rubens,20/10C,0,A,15,0,25
Anisantha rubens,20/10C,0,A,18,0,25
Anisantha rubens,20/10C,0,A,23,4,25
Anisantha rubens,20/10C,0,A,30,13,25
Anisantha rubens,20/10C,0,A,35,1,25
Anisantha rubens,20/10C,0,A,40,1,25
Anisantha rubens,20/10C,0,A,48,5,25
Anisantha rubens,20/10C,0,A,51,1,25
Anisantha rubens,20/10C,0,B,2,0,25
Anisantha rubens,20/10C,0,B,6,0,25
Anisantha rubens,20/10C,0,B,10,0,25
Anisantha rubens,20/10C,0,B,15,0,25
Anisantha rubens,20/10C,0,B,18,0,25
Anisantha rubens,20/10C,0,B,23,5,25
Anisantha rubens,20/10C,0,B,30,15,25
Anisantha rubens,20/10C,0,B,35,3,25
Anisantha rubens,20/10C,0,B,40,0,25
Anisantha rubens,20/10C,0,B,48,2,25
Anisantha rubens,20/10C,0,C,2,0,25
Anisantha rubens,20/10C,0,C,6,0,25
Anisantha rubens,20/10C,0,C,10,0,25
Anisantha rubens,20/10C,0,C,15,0,25
Anisantha rubens,20/10C,0,C,18,0,25
Anisantha rubens,20/10C,0,C,23,6,25
Anisantha rubens,20/10C,0,C,30,14,25
Anisantha rubens,20/10C,0,C,35,1,25
Anisantha rubens,20/10C,0,C,40,0,25
Anisantha rubens,20/10C,0,C,48,1,25
Anisantha rubens,20/10C,0,C,51,0,25
Anisantha rubens,20/10C,0,C,55,0,25
Anisantha rubens,20/10C,0,C,58,0,25
Anisantha rubens,20/10C,0,C,65,1,25
Anisantha rubens,20/10C,0,C,71,0,25
Anisantha rubens,20/10C,0,C,75,1,25
Anisantha rubens,20/10C,0,C,80,0,25
Anisantha rubens,20/10C,0,C,90,0,25
Anisantha rubens,20/10C,0,C,94,1,25
Anisantha rubens,20/10C,0,D,2,0,24
Anisantha rubens,20/10C,0,D,6,0,24
Anisantha rubens,20/10C,0,D,10,0,24
Anisantha rubens,20/10C,0,D,15,0,24
Anisantha rubens,20/10C,0,D,18,0,24
Anisantha rubens,20/10C,0,D,23,5,24
Anisantha rubens,20/10C,0,D,30,11,24
Anisantha rubens,20/10C,0,D,35,1,24
Anisantha rubens,20/10C,0,D,40,2,24
Anisantha rubens,20/10C,0,D,48,2,24
Anisantha rubens,20/10C,0,D,51,0,24
Anisantha rubens,20/10C,0,D,55,0,24
Anisantha rubens,20/10C,0,D,58,0,24
Anisantha rubens,20/10C,0,D,65,1,24
Anisantha rubens,20/10C,0,D,71,0,24
Anisantha rubens,20/10C,0,D,75,1,24
Anisantha rubens,20/10C,-1.6,A,2,0,25
Anisantha rubens,20/10C,-1.6,A,6,0,25
Anisantha rubens,20/10C,-1.6,A,10,0,25
Anisantha rubens,20/10C,-1.6,A,15,0,25
Anisantha rubens,20/10C,-1.6,A,18,0,25
Anisantha rubens,20/10C,-1.6,A,23,0,25
Anisantha rubens,20/10C,-1.6,A,30,0,25
Anisantha rubens,20/10C,-1.6,A,35,0,25
Anisantha rubens,20/10C,-1.6,A,40,0,25
Anisantha rubens,20/10C,-1.6,A,48,0,25
Anisantha rubens,20/10C,-1.6,A,51,0,25
Anisantha rubens,20/10C,-1.6,A,55,0,25
Anisantha rubens,20/10C,-1.6,A,58,0,25
Anisantha rubens,20/10C,-1.6,A,65,0,25
Anisantha rubens,20/10C,-1.6,A,71,0,25
Anisantha rubens,20/10C,-1.6,A,75,1,25
Anisantha rubens,20/10C,-1.6,A,80,0,25
Anisantha rubens,20/10C,-1.6,A,90,0,25
Anisantha rubens,20/10C,-1.6,A,94,0,25
Anisantha rubens,20/10C,-1.6,A,100,0,25
Anisantha rubens,20/10C,-1.6,A,106,0,25
Anisantha rubens,20/10C,-1.6,A,114,0,25
Anisantha rubens,20/10C,-1.6,A,118,0,25
Anisantha rubens,20/10C,-1.6,A,124,0,25
Anisantha rubens,20/10C,-1.6,A,129,1,25
Anisantha rubens,20/10C,-1.6,A,137,0,25
Anisantha rubens,20/10C,-1.6,A,143,0,25
Anisantha rubens,20/10C,-1.6,A,149,0,25
Anisantha rubens,20/10C,-1.6,A,152,0,25
Anisantha rubens,20/10C,-1.6,A,162,1,25
Anisantha rubens,20/10C,-1.6,A,168,0,25
Anisantha rubens,20/10C,-1.6,A,172,0,25
Anisantha rubens,20/10C,-1.6,A,177,0,25
Anisantha rubens,20/10C,-1.6,A,186,0,25
Anisantha rubens,20/10C,-1.6,A,191,0,25
Anisantha rubens,20/10C,-1.6,A,200,0,25
Anisantha rubens,20/10C,-1.6,A,204,1,25
Anisantha rubens,20/10C,-1.6,A,215,0,25
Anisantha rubens,20/10C,-1.6,A,223,0,25
Anisantha rubens,20/10C,-1.6,A,231,0,25
Anisantha rubens,20/10C,-1.6,A,258,1,25
Anisantha rubens,20/10C,-1.6,A,356,0,25
Anisantha rubens,20/10C,-1.6,A,427,2,25
Anisantha rubens,20/10C,-1.6,B,2,0,25
Anisantha rubens,20/10C,-1.6,B,6,0,25
Anisantha rubens,20/10C,-1.6,B,10,0,25
Anisantha rubens,20/10C,-1.6,B,15,0,25
Anisantha rubens,20/10C,-1.6,B,18,0,25
Anisantha rubens,20/10C,-1.6,B,23,0,25
Anisantha rubens,20/10C,-1.6,B,30,0,25
Anisantha rubens,20/10C,-1.6,B,35,0,25
Anisantha rubens,20/10C,-1.6,B,40,0,25
Anisantha rubens,20/10C,-1.6,B,48,0,25
Anisantha rubens,20/10C,-1.6,B,51,0,25
Anisantha rubens,20/10C,-1.6,B,55,0,25
Anisantha rubens,20/10C,-1.6,B,58,0,25
Anisantha rubens,20/10C,-1.6,B,65,0,25
Anisantha rubens,20/10C,-1.6,B,71,0,25
Anisantha rubens,20/10C,-1.6,B,75,0,25
Anisantha rubens,20/10C,-1.6,B,80,0,25
Anisantha rubens,20/10C,-1.6,B,90,0,25
Anisantha rubens,20/10C,-1.6,B,94,0,25
Anisantha rubens,20/10C,-1.6,B,100,1,25
Anisantha rubens,20/10C,-1.6,B,106,0,25
Anisantha rubens,20/10C,-1.6,B,114,1,25
Anisantha rubens,20/10C,-1.6,B,118,0,25
Anisantha rubens,20/10C,-1.6,B,124,0,25
Anisantha rubens,20/10C,-1.6,B,129,0,25
Anisantha rubens,20/10C,-1.6,B,137,0,25
Anisantha rubens,20/10C,-1.6,B,143,0,25
Anisantha rubens,20/10C,-1.6,B,149,0,25
Anisantha rubens,20/10C,-1.6,B,152,0,25
Anisantha rubens,20/10C,-1.6,B,162,0,25
Anisantha rubens,20/10C,-1.6,B,168,0,25
Anisantha rubens,20/10C,-1.6,B,172,0,25
Anisantha rubens,20/10C,-1.6,B,177,0,25
Anisantha rubens,20/10C,-1.6,B,186,0,25
Anisantha rubens,20/10C,-1.6,B,191,0,25
Anisantha rubens,20/10C,-1.6,B,200,0,25
Anisantha rubens,20/10C,-1.6,B,204,0,25
Anisantha rubens,20/10C,-1.6,B,215,1,25
Anisantha rubens,20/10C,-1.6,B,223,0,25
Anisantha rubens,20/10C,-1.6,B,231,0,25
Anisantha rubens,20/10C,-1.6,B,258,0,25
Anisantha rubens,20/10C,-1.6,B,356,1,25
Anisantha rubens,20/10C,-1.6,B,427,0,25
Anisantha rubens,20/10C,-1.6,B,573,0,25
Anisantha rubens,20/10C,-1.6,B,832,2,25
Anisantha rubens,20/10C,-1.6,C,2,0,24
Anisantha rubens,20/10C,-1.6,C,6,0,24
Anisantha rubens,20/10C,-1.6,C,10,0,24
Anisantha rubens,20/10C,-1.6,C,15,0,24
Anisantha rubens,20/10C,-1.6,C,18,0,24
Anisantha rubens,20/10C,-1.6,C,23,0,24
Anisantha rubens,20/10C,-1.6,C,30,0,24
Anisantha rubens,20/10C,-1.6,C,35,0,24
Anisantha rubens,20/10C,-1.6,C,40,0,24
Anisantha rubens,20/10C,-1.6,C,48,0,24
Anisantha rubens,20/10C,-1.6,C,51,0,24
Anisantha rubens,20/10C,-1.6,C,55,0,24
Anisantha rubens,20/10C,-1.6,C,58,0,24
Anisantha rubens,20/10C,-1.6,C,65,0,24
Anisantha rubens,20/10C,-1.6,C,71,0,24
Anisantha rubens,20/10C,-1.6,C,75,0,24
Anisantha rubens,20/10C,-1.6,C,80,1,24
Anisantha rubens,20/10C,-1.6,C,90,1,24
Anisantha rubens,20/10C,-1.6,C,94,0,24
Anisantha rubens,20/10C,-1.6,C,100,0,24
Anisantha rubens,20/10C,-1.6,C,106,0,24
Anisantha rubens,20/10C,-1.6,C,114,1,24
Anisantha rubens,20/10C,-1.6,C,118,0,24
Anisantha rubens,20/10C,-1.6,C,124,0,24
Anisantha rubens,20/10C,-1.6,C,129,0,24
Anisantha rubens,20/10C,-1.6,C,137,0,24
Anisantha rubens,20/10C,-1.6,C,143,2,24
Anisantha rubens,20/10C,-1.6,C,149,1,24
Anisantha rubens,20/10C,-1.6,C,152,0,24
Anisantha rubens,20/10C,-1.6,C,162,0,24
Anisantha rubens,20/10C,-1.6,C,168,0,24
Anisantha rubens,20/10C,-1.6,C,172,0,24
Anisantha rubens,20/10C,-1.6,C,177,0,24
Anisantha rubens,20/10C,-1.6,C,186,0,24
Anisantha rubens,20/10C,-1.6,C,191,0,24
Anisantha rubens,20/10C,-1.6,C,200,1,24
Anisantha rubens,20/10C,-1.6,C,204,0,24
Anisantha rubens,20/10C,-1.6,C,215,0,24
Anisantha rubens,20/10C,-1.6,C,223,2,24
Anisantha rubens,20/10C,-1.6,C,231,0,24
Anisantha rubens,20/10C,-1.6,C,258,0,24
Anisantha rubens,20/10C,-1.6,C,356,0,24
Anisantha rubens,20/10C,-1.6,C,427,1,24
Anisantha rubens,20/10C,-1.6,C,573,0,24
Anisantha rubens,20/10C,-1.6,C,832,2,24
Anisantha rubens,20/10C,-1.6,D,2,0,25
Anisantha rubens,20/10C,-1.6,D,6,0,25
Anisantha rubens,20/10C,-1.6,D,10,0,25
Anisantha rubens,20/10C,-1.6,D,15,0,25
Anisantha rubens,20/10C,-1.6,D,18,0,25
Anisantha rubens,20/10C,-1.6,D,23,0,25
Anisantha rubens,20/10C,-1.6,D,30,0,25
Anisantha rubens,20/10C,-1.6,D,35,0,25
Anisantha rubens,20/10C,-1.6,D,40,0,25
Anisantha rubens,20/10C,-1.6,D,48,0,25
Anisantha rubens,20/10C,-1.6,D,51,0,25
Anisantha rubens,20/10C,-1.6,D,55,0,25
Anisantha rubens,20/10C,-1.6,D,58,0,25
Anisantha rubens,20/10C,-1.6,D,65,0,25
Anisantha rubens,20/10C,-1.6,D,71,0,25
Anisantha rubens,20/10C,-1.6,D,75,0,25
Anisantha rubens,20/10C,-1.6,D,80,0,25
Anisantha rubens,20/10C,-1.6,D,90,0,25
Anisantha rubens,20/10C,-1.6,D,94,0,25
Anisantha rubens,20/10C,-1.6,D,100,1,25
Anisantha rubens,20/10C,-1.6,D,106,1,25
Anisantha rubens,20/10C,-1.6,D,114,1,25
Anisantha rubens,20/10C,-1.6,D,118,0,25
Anisantha rubens,20/10C,-1.6,D,124,0,25
Anisantha rubens,20/10C,-1.6,D,129,0,25
Anisantha rubens,20/10C,-1.6,D,137,0,25
Anisantha rubens,20/10C,-1.6,D,143,5,25
Anisantha rubens,20/10C,-1.6,D,149,1,25
Anisantha rubens,20/10C,-1.6,D,152,0,25
Anisantha rubens,20/10C,-1.6,D,162,0,25
Anisantha rubens,20/10C,-1.6,D,168,1,25
Anisantha rubens,20/10C,-1.6,D,172,1,25
Anisantha rubens,20/10C,-1.6,D,177,0,25
Anisantha rubens,20/10C,-1.6,D,186,0,25
Anisantha rubens,20/10C,-1.6,D,191,0,25
Anisantha rubens,20/10C,-1.6,D,200,0,25
Anisantha rubens,20/10C,-1.6,D,204,0,25
Anisantha rubens,20/10C,-1.6,D,215,0,25
Anisantha rubens,20/10C,-1.6,D,223,0,25
Anisantha rubens,20/10C,-1.6,D,231,0,25
Anisantha rubens,20/10C,-1.6,D,258,0,25
Anisantha rubens,20/10C,-1.6,D,356,0,25
Anisantha rubens,20/10C,-1.6,D,427,1,25
Anisantha rubens,20/10C,-1.6,D,573,0,25
Anisantha rubens,20/10C,-1.6,D,832,2,25
Anisantha rubens,20/10C,-1.6,D,1216,1,25
Anisantha rubens,20/10C,-1,A,2,0,25
Anisantha rubens,20/10C,-1,A,6,0,25
Anisantha rubens,20/10C,-1,A,10,0,25
Anisantha rubens,20/10C,-1,A,15,0,25
Anisantha rubens,20/10C,-1,A,18,0,25
Anisantha rubens,20/10C,-1,A,23,0,25
Anisantha rubens,20/10C,-1,A,30,0,25
Anisantha rubens,20/10C,-1,A,35,0,25
Anisantha rubens,20/10C,-1,A,40,0,25
Anisantha rubens,20/10C,-1,A,48,4,25
Anisantha rubens,20/10C,-1,A,51,1,25
Anisantha rubens,20/10C,-1,A,55,1,25
Anisantha rubens,20/10C,-1,A,58,0,25
Anisantha rubens,20/10C,-1,A,65,0,25
Anisantha rubens,20/10C,-1,A,71,3,25
Anisantha rubens,20/10C,-1,A,75,2,25
Anisantha rubens,20/10C,-1,A,80,2,25
Anisantha rubens,20/10C,-1,A,90,0,25
Anisantha rubens,20/10C,-1,A,94,2,25
Anisantha rubens,20/10C,-1,A,100,2,25
Anisantha rubens,20/10C,-1,A,106,1,25
Anisantha rubens,20/10C,-1,A,114,0,25
Anisantha rubens,20/10C,-1,A,118,2,25
Anisantha rubens,20/10C,-1,A,124,1,25
Anisantha rubens,20/10C,-1,A,129,0,25
Anisantha rubens,20/10C,-1,A,137,0,25
Anisantha rubens,20/10C,-1,A,143,0,25
Anisantha rubens,20/10C,-1,A,149,1,25
Anisantha rubens,20/10C,-1,A,152,0,25
Anisantha rubens,20/10C,-1,A,162,0,25
Anisantha rubens,20/10C,-1,A,168,0,25
Anisantha rubens,20/10C,-1,A,172,0,25
Anisantha rubens,20/10C,-1,A,177,0,25
Anisantha rubens,20/10C,-1,A,186,0,25
Anisantha rubens,20/10C,-1,A,191,0,25
Anisantha rubens,20/10C,-1,A,200,1,25
Anisantha rubens,20/10C,-1,A,204,0,25
Anisantha rubens,20/10C,-1,A,215,0,25
Anisantha rubens,20/10C,-1,A,223,1,25
Anisantha rubens,20/10C,-1,A,231,0,25
Anisantha rubens,20/10C,-1,A,258,0,25
Anisantha rubens,20/10C,-1,A,356,1,25
Anisantha rubens,20/10C,-1,B,2,0,25
Anisantha rubens,20/10C,-1,B,6,0,25
Anisantha rubens,20/10C,-1,B,10,0,25
Anisantha rubens,20/10C,-1,B,15,0,25
Anisantha rubens,20/10C,-1,B,18,0,25
Anisantha rubens,20/10C,-1,B,23,0,25
Anisantha rubens,20/10C,-1,B,30,1,25
Anisantha rubens,20/10C,-1,B,35,0,25
Anisantha rubens,20/10C,-1,B,40,0,25
Anisantha rubens,20/10C,-1,B,48,4,25
Anisantha rubens,20/10C,-1,B,51,2,25
Anisantha rubens,20/10C,-1,B,55,0,25
Anisantha rubens,20/10C,-1,B,58,2,25
Anisantha rubens,20/10C,-1,B,65,0,25
Anisantha rubens,20/10C,-1,B,71,3,25
Anisantha rubens,20/10C,-1,B,75,2,25
Anisantha rubens,20/10C,-1,B,80,0,25
Anisantha rubens,20/10C,-1,B,90,0,25
Anisantha rubens,20/10C,-1,B,94,0,25
Anisantha rubens,20/10C,-1,B,100,2,25
Anisantha rubens,20/10C,-1,B,106,1,25
Anisantha rubens,20/10C,-1,B,114,0,25
Anisantha rubens,20/10C,-1,B,118,0,25
Anisantha rubens,20/10C,-1,B,124,0,25
Anisantha rubens,20/10C,-1,B,129,0,25
Anisantha rubens,20/10C,-1,B,137,0,25
Anisantha rubens,20/10C,-1,B,143,1,25
Anisantha rubens,20/10C,-1,B,149,0,25
Anisantha rubens,20/10C,-1,B,152,0,25
Anisantha rubens,20/10C,-1,B,162,1,25
Anisantha rubens,20/10C,-1,B,168,0,25
Anisantha rubens,20/10C,-1,B,172,1,25
Anisantha rubens,20/10C,-1,B,177,0,25
Anisantha rubens,20/10C,-1,B,186,0,25
Anisantha rubens,20/10C,-1,B,191,0,25
Anisantha rubens,20/10C,-1,B,200,1,25
Anisantha rubens,20/10C,-1,B,204,0,25
Anisantha rubens,20/10C,-1,B,215,0,25
Anisantha rubens,20/10C,-1,B,223,0,25
Anisantha rubens,20/10C,-1,B,231,0,25
Anisantha rubens,20/10C,-1,B,258,0,25
Anisantha rubens,20/10C,-1,B,356,0,25
Anisantha rubens,20/10C,-1,B,427,1,25
Anisantha rubens,20/10C,-1,B,573,2,25
Anisantha rubens,20/10C,-1,B,832,1,25
Anisantha rubens,20/10C,-1,C,2,0,25
Anisantha rubens,20/10C,-1,C,6,0,25
Anisantha rubens,20/10C,-1,C,10,0,25
Anisantha rubens,20/10C,-1,C,15,0,25
Anisantha rubens,20/10C,-1,C,18,0,25
Anisantha rubens,20/10C,-1,C,23,0,25
Anisantha rubens,20/10C,-1,C,30,0,25
Anisantha rubens,20/10C,-1,C,35,0,25
Anisantha rubens,20/10C,-1,C,40,0,25
Anisantha rubens,20/10C,-1,C,48,3,25
Anisantha rubens,20/10C,-1,C,51,3,25
Anisantha rubens,20/10C,-1,C,55,0,25
Anisantha rubens,20/10C,-1,C,58,0,25
Anisantha rubens,20/10C,-1,C,65,0,25
Anisantha rubens,20/10C,-1,C,71,4,25
Anisantha rubens,20/10C,-1,C,75,1,25
Anisantha rubens,20/10C,-1,C,80,1,25
Anisantha rubens,20/10C,-1,C,90,1,25
Anisantha rubens,20/10C,-1,C,94,1,25
Anisantha rubens,20/10C,-1,C,100,4,25
Anisantha rubens,20/10C,-1,C,106,0,25
Anisantha rubens,20/10C,-1,C,114,0,25
Anisantha rubens,20/10C,-1,C,118,2,25
Anisantha rubens,20/10C,-1,C,124,0,25
Anisantha rubens,20/10C,-1,C,129,0,25
Anisantha rubens,20/10C,-1,C,137,0,25
Anisantha rubens,20/10C,-1,C,143,0,25
Anisantha rubens,20/10C,-1,C,149,1,25
Anisantha rubens,20/10C,-1,C,152,1,25
Anisantha rubens,20/10C,-1,C,162,0,25
Anisantha rubens,20/10C,-1,C,168,0,25
Anisantha rubens,20/10C,-1,C,172,0,25
Anisantha rubens,20/10C,-1,C,177,1,25
Anisantha rubens,20/10C,-1,C,186,0,25
Anisantha rubens,20/10C,-1,C,191,0,25
Anisantha rubens,20/10C,-1,C,200,1,25
Anisantha rubens,20/10C,-1,C,204,0,25
Anisantha rubens,20/10C,-1,C,215,0,25
Anisantha rubens,20/10C,-1,C,223,0,25
Anisantha rubens,20/10C,-1,C,231,0,25
Anisantha rubens,20/10C,-1,C,258,0,25
Anisantha rubens,20/10C,-1,C,356,1,25
Anisantha rubens,20/10C,-1,D,2,0,25
Anisantha rubens,20/10C,-1,D,6,0,25
Anisantha rubens,20/10C,-1,D,10,0,25
Anisantha rubens,20/10C,-1,D,15,0,25
Anisantha rubens,20/10C,-1,D,18,0,25
Anisantha rubens,20/10C,-1,D,23,0,25
Anisantha rubens,20/10C,-1,D,30,1,25
Anisantha rubens,20/10C,-1,D,35,0,25
Anisantha rubens,20/10C,-1,D,40,0,25
Anisantha rubens,20/10C,-1,D,48,5,25
Anisantha rubens,20/10C,-1,D,51,2,25
Anisantha rubens,20/10C,-1,D,55,1,25
Anisantha rubens,20/10C,-1,D,58,0,25
Anisantha rubens,20/10C,-1,D,65,2,25
Anisantha rubens,20/10C,-1,D,71,2,25
Anisantha rubens,20/10C,-1,D,75,3,25
Anisantha rubens,20/10C,-1,D,80,0,25
Anisantha rubens,20/10C,-1,D,90,0,25
Anisantha rubens,20/10C,-1,D,94,0,25
Anisantha rubens,20/10C,-1,D,100,4,25
Anisantha rubens,20/10C,-1,D,106,1,25
Anisantha rubens,20/10C,-1,D,114,0,25
Anisantha rubens,20/10C,-1,D,118,0,25
Anisantha rubens,20/10C,-1,D,124,0,25
Anisantha rubens,20/10C,-1,D,129,0,25
Anisantha rubens,20/10C,-1,D,137,0,25
Anisantha rubens,20/10C,-1,D,143,0,25
Anisantha rubens,20/10C,-1,D,149,1,25
Anisantha rubens,20/10C,-1,D,152,0,25
Anisantha rubens,20/10C,-1,D,162,0,25
Anisantha rubens,20/10C,-1,D,168,0,25
Anisantha rubens,20/10C,-1,D,172,0,25
Anisantha rubens,20/10C,-1,D,177,0,25
Anisantha rubens,20/10C,-1,D,186,0,25
Anisantha rubens,20/10C,-1,D,191,0,25
Anisantha rubens,20/10C,-1,D,200,1,25
Anisantha rubens,20/10C,-1,D,204,0,25
Anisantha rubens,20/10C,-1,D,215,0,25
Anisantha rubens,20/10C,-1,D,223,2,25
Bromus hordeaceus,20/10C,-0.2,A,8,0,25
Bromus hordeaceus,20/10C,-0.2,A,11,0,25
Bromus hordeaceus,20/10C,-0.2,A,16,0,25
Bromus hordeaceus,20/10C,-0.2,A,20,0,25
Bromus hordeaceus,20/10C,-0.2,A,24,0,25
Bromus hordeaceus,20/10C,-0.2,A,28,0,25
Bromus hordeaceus,20/10C,-0.2,A,32,10,25
Bromus hordeaceus,20/10C,-0.2,A,36,5,25
Bromus hordeaceus,20/10C,-0.2,A,40,2,25
Bromus hordeaceus,20/10C,-0.2,A,44,1,25
Bromus hordeaceus,20/10C,-0.2,A,51,1,25
Bromus hordeaceus,20/10C,-0.2,A,58,1,25
Bromus hordeaceus,20/10C,-0.2,A,61,1,25
Bromus hordeaceus,20/10C,-0.2,A,67,1,25
Bromus hordeaceus,20/10C,-0.2,A,74,0,25
Bromus hordeaceus,20/10C,-0.2,A,78,1,25
Bromus hordeaceus,20/10C,-0.2,A,81,1,25
Bromus hordeaceus,20/10C,-0.2,A,85,0,25
Bromus hordeaceus,20/10C,-0.2,A,89,0,25
Bromus hordeaceus,20/10C,-0.2,A,96,1,25
Bromus hordeaceus,20/10C,-0.2,B,8,0,25
Bromus hordeaceus,20/10C,-0.2,B,11,0,25
Bromus hordeaceus,20/10C,-0.2,B,16,0,25
Bromus hordeaceus,20/10C,-0.2,B,20,0,25
Bromus hordeaceus,20/10C,-0.2,B,24,0,25
Bromus hordeaceus,20/10C,-0.2,B,28,3,25
Bromus hordeaceus,20/10C,-0.2,B,32,6,25
Bromus hordeaceus,20/10C,-0.2,B,36,7,25
Bromus hordeaceus,20/10C,-0.2,B,40,1,25
Bromus hordeaceus,20/10C,-0.2,B,44,1,25
Bromus hordeaceus,20/10C,-0.2,B,51,3,25
Bromus hordeaceus,20/10C,-0.2,B,58,1,25
Bromus hordeaceus,20/10C,-0.2,B,61,1,25
Bromus hordeaceus,20/10C,-0.2,B,67,0,25
Bromus hordeaceus,20/10C,-0.2,B,74,1,25
Bromus hordeaceus,20/10C,-0.2,B,78,0,25
Bromus hordeaceus,20/10C,-0.2,B,81,1,25
Bromus hordeaceus,20/10C,-0.2,C,8,0,25
Bromus hordeaceus,20/10C,-0.2,C,11,0,25
Bromus hordeaceus,20/10C,-0.2,C,16,0,25
Bromus hordeaceus,20/10C,-0.2,C,20,0,25
Bromus hordeaceus,20/10C,-0.2,C,24,0,25
Bromus hordeaceus,20/10C,-0.2,C,28,7,25
Bromus hordeaceus,20/10C,-0.2,C,32,3,25
Bromus hordeaceus,20/10C,-0.2,C,36,3,25
Bromus hordeaceus,20/10C,-0.2,C,40,2,25
Bromus hordeaceus,20/10C,-0.2,C,44,1,25
Bromus hordeaceus,20/10C,-0.2,C,51,6,25
Bromus hordeaceus,20/10C,-0.2,C,58,0,25
Bromus hordeaceus,20/10C,-0.2,C,61,0,25
Bromus hordeaceus,20/10C,-0.2,C,67,0,25
Bromus hordeaceus,20/10C,-0.2,C,74,0,25
Bromus hordeaceus,20/10C,-0.2,C,78,0,25
Bromus hordeaceus,20/10C,-0.2,C,81,0,25
Bromus hordeaceus,20/10C,-0.2,C,85,2,25
Bromus hordeaceus,20/10C,-0.2,C,89,0,25
Bromus hordeaceus,20/10C,-0.2,C,96,0,25
Bromus hordeaceus,20/10C,-0.2,C,102,0,25
Bromus hordeaceus,20/10C,-0.2,C,107,0,25
Bromus hordeaceus,20/10C,-0.2,C,114,0,25
Bromus hordeaceus,20/10C,-0.2,C,119,0,25
Bromus hordeaceus,20/10C,-0.2,C,126,0,25
Bromus hordeaceus,20/10C,-0.2,C,131,0,25
Bromus hordeaceus,20/10C,-0.2,C,138,0,25
Bromus hordeaceus,20/10C,-0.2,C,143,0,25
Bromus hordeaceus,20/10C,-0.2,C,150,0,25
Bromus hordeaceus,20/10C,-0.2,C,155,0,25
Bromus hordeaceus,20/10C,-0.2,C,168,0,25
Bromus hordeaceus,20/10C,-0.2,C,175,0,25
Bromus hordeaceus,20/10C,-0.2,C,186,0,25
Bromus hordeaceus,20/10C,-0.2,C,210,0,25
Bromus hordeaceus,20/10C,-0.2,C,235,0,25
Bromus hordeaceus,20/10C,-0.2,C,284,1,25
Bromus hordeaceus,20/10C,-0.2,D,8,0,25
Bromus hordeaceus,20/10C,-0.2,D,11,0,25
Bromus hordeaceus,20/10C,-0.2,D,16,0,25
Bromus hordeaceus,20/10C,-0.2,D,20,0,25
Bromus hordeaceus,20/10C,-0.2,D,24,0,25
Bromus hordeaceus,20/10C,-0.2,D,28,7,25
Bromus hordeaceus,20/10C,-0.2,D,32,7,25
Bromus hordeaceus,20/10C,-0.2,D,36,2,25
Bromus hordeaceus,20/10C,-0.2,D,40,2,25
Bromus hordeaceus,20/10C,-0.2,D,44,0,25
Bromus hordeaceus,20/10C,-0.2,D,51,1,25
Bromus hordeaceus,20/10C,-0.2,D,58,0,25
Bromus hordeaceus,20/10C,-0.2,D,61,3,25
Bromus hordeaceus,20/10C,-0.2,D,67,1,25
Bromus hordeaceus,20/10C,-0.2,D,74,0,25
Bromus hordeaceus,20/10C,-0.2,D,78,1,25
Bromus hordeaceus,20/10C,-0.2,D,81,1,25
Bromus hordeaceus,20/10C,-0.4,A,8,0,25
Bromus hordeaceus,20/10C,-0.4,A,11,0,25
Bromus hordeaceus,20/10C,-0.4,A,16,0,25
Bromus hordeaceus,20/10C,-0.4,A,20,0,25
Bromus hordeaceus,20/10C,-0.4,A,24,0,25
Bromus hordeaceus,20/10C,-0.4,A,28,0,25
Bromus hordeaceus,20/10C,-0.4,A,32,1,25
Bromus hordeaceus,20/10C,-0.4,A,36,1,25
Bromus hordeaceus,20/10C,-0.4,A,40,4,25
Bromus hordeaceus,20/10C,-0.4,A,44,2,25
Bromus hordeaceus,20/10C,-0.4,A,51,11,25
Bromus hordeaceus,20/10C,-0.4,A,58,2,25
Bromus hordeaceus,20/10C,-0.4,A,61,1,25
Bromus hordeaceus,20/10C,-0.4,A,67,0,25
Bromus hordeaceus,20/10C,-0.4,A,74,1,25
Bromus hordeaceus,20/10C,-0.4,A,78,1,25
Bromus hordeaceus,20/10C,-0.4,A,81,1,25
Bromus hordeaceus,20/10C,-0.4,B,8,0,24
Bromus hordeaceus,20/10C,-0.4,B,11,0,24
Bromus hordeaceus,20/10C,-0.4,B,16,0,24
Bromus hordeaceus,20/10C,-0.4,B,20,0,24
Bromus hordeaceus,20/10C,-0.4,B,24,0,24
Bromus hordeaceus,20/10C,-0.4,B,28,0,24
Bromus hordeaceus,20/10C,-0.4,B,32,2,24
Bromus hordeaceus,20/10C,-0.4,B,36,5,24
Bromus hordeaceus,20/10C,-0.4,B,40,0,24
Bromus hordeaceus,20/10C,-0.4,B,44,1,24
Bromus hordeaceus,20/10C,-0.4,B,51,8,24
Bromus hordeaceus,20/10C,-0.4,B,58,5,24
Bromus hordeaceus,20/10C,-0.4,B,61,0,24
Bromus hordeaceus,20/10C,-0.4,B,67,0,24
Bromus hordeaceus,20/10C,-0.4,B,74,1,24
Bromus hordeaceus,20/10C,-0.4,B,78,1,24
Bromus hordeaceus,20/10C,-0.4,B,81,0,24
Bromus hordeaceus,20/10C,-0.4,B,85,0,24
Bromus hordeaceus,20/10C,-0.4,B,89,0,24
Bromus hordeaceus,20/10C,-0.4,B,96,0,24
Bromus hordeaceus,20/10C,-0.4,B,102,1,24
Bromus hordeaceus,20/10C,-0.4,C,8,0,25
Bromus hordeaceus,20/10C,-0.4,C,11,0,25
Bromus hordeaceus,20/10C,-0.4,C,16,0,25
Bromus hordeaceus,20/10C,-0.4,C,20,0,25
Bromus hordeaceus,20/10C,-0.4,C,24,0,25
Bromus hordeaceus,20/10C,-0.4,C,28,0,25
Bromus hordeaceus,20/10C,-0.4,C,32,0,25
Bromus hordeaceus,20/10C,-0.4,C,36,3,25
Bromus hordeaceus,20/10C,-0.4,C,40,4,25
Bromus hordeaceus,20/10C,-0.4,C,44,2,25
Bromus hordeaceus,20/10C,-0.4,C,51,8,25
Bromus hordeaceus,20/10C,-0.4,C,58,6,25
Bromus hordeaceus,20/10C,-0.4,C,61,0,25
Bromus hordeaceus,20/10C,-0.4,C,67,0,25
Bromus hordeaceus,20/10C,-0.4,C,74,2,25
Bromus hordeaceus,20/10C,-0.4,D,8,0,25
Bromus hordeaceus,20/10C,-0.4,D,11,0,25
Bromus hordeaceus,20/10C,-0.4,D,16,0,25
Bromus hordeaceus,20/10C,-0.4,D,20,0,25
Bromus hordeaceus,20/10C,-0.4,D,24,0,25
Bromus hordeaceus,20/10C,-0.4,D,28,0,25
Bromus hordeaceus,20/10C,-0.4,D,32,2,25
Bromus hordeaceus,20/10C,-0.4,D,36,5,25
Bromus hordeaceus,20/10C,-0.4,D,40,0,25
Bromus hordeaceus,20/10C,-0.4,D,44,0,25
Bromus hordeaceus,20/10C,-0.4,D,51,5,25
Bromus hordeaceus,20/10C,-0.4,D,58,9,25
Bromus hordeaceus,20/10C,-0.4,D,61,1,25
Bromus hordeaceus,20/10C,-0.4,D,67,1,25
Bromus hordeaceus,20/10C,-0.4,D,74,1,25
Bromus hordeaceus,20/10C,-0.4,D,78,1,25
Bromus hordeaceus,20/10C,-0.6,A,8,0,25
Bromus hordeaceus,20/10C,-0.6,A,11,0,25
Bromus hordeaceus,20/10C,-0.6,A,16,0,25
Bromus hordeaceus,20/10C,-0.6,A,20,0,25
Bromus hordeaceus,20/10C,-0.6,A,24,0,25
Bromus hordeaceus,20/10C,-0.6,A,28,0,25
Bromus hordeaceus,20/10C,-0.6,A,32,0,25
Bromus hordeaceus,20/10C,-0.6,A,36,1,25
Bromus hordeaceus,20/10C,-0.6,A,40,2,25
Bromus hordeaceus,20/10C,-0.6,A,44,0,25
Bromus hordeaceus,20/10C,-0.6,A,51,6,25
Bromus hordeaceus,20/10C,-0.6,A,58,6,25
Bromus hordeaceus,20/10C,-0.6,A,61,0,25
Bromus hordeaceus,20/10C,-0.6,A,67,2,25
Bromus hordeaceus,20/10C,-0.6,A,74,3,25
Bromus hordeaceus,20/10C,-0.6,A,78,1,25
Bromus hordeaceus,20/10C,-0.6,A,81,1,25
Bromus hordeaceus,20/10C,-0.6,A,85,0,25
Bromus hordeaceus,20/10C,-0.6,A,89,0,25
Bromus hordeaceus,20/10C,-0.6,A,96,0,25
Bromus hordeaceus,20/10C,-0.6,A,102,0,25
Bromus hordeaceus,20/10C,-0.6,A,107,1,25
Bromus hordeaceus,20/10C,-0.6,A,114,0,25
Bromus hordeaceus,20/10C,-0.6,A,119,0,25
Bromus hordeaceus,20/10C,-0.6,A,126,1,25
Bromus hordeaceus,20/10C,-0.6,A,131,0,25
Bromus hordeaceus,20/10C,-0.6,A,138,0,25
Bromus hordeaceus,20/10C,-0.6,A,143,0,25
Bromus hordeaceus,20/10C,-0.6,A,150,0,25
Bromus hordeaceus,20/10C,-0.6,A,155,0,25
Bromus hordeaceus,20/10C,-0.6,A,168,0,25
Bromus hordeaceus,20/10C,-0.6,A,175,0,25
Bromus hordeaceus,20/10C,-0.6,A,186,0,25
Bromus hordeaceus,20/10C,-0.6,A,210,0,25
Bromus hordeaceus,20/10C,-0.6,A,235,1,25
Bromus hordeaceus,20/10C,-0.6,B,8,0,24
Bromus hordeaceus,20/10C,-0.6,B,11,0,24
Bromus hordeaceus,20/10C,-0.6,B,16,0,24
Bromus hordeaceus,20/10C,-0.6,B,20,0,24
Bromus hordeaceus,20/10C,-0.6,B,24,0,24
Bromus hordeaceus,20/10C,-0.6,B,28,0,24
Bromus hordeaceus,20/10C,-0.6,B,32,0,24
Bromus hordeaceus,20/10C,-0.6,B,36,0,24
Bromus hordeaceus,20/10C,-0.6,B,40,1,24
Bromus hordeaceus,20/10C,-0.6,B,44,1,24
Bromus hordeaceus,20/10C,-0.6,B,51,8,24
Bromus hordeaceus,20/10C,-0.6,B,58,6,24
Bromus hordeaceus,20/10C,-0.6,B,61,0,24
Bromus hordeaceus,20/10C,-0.6,B,67,0,24
Bromus hordeaceus,20/10C,-0.6,B,74,3,24
Bromus hordeaceus,20/10C,-0.6,B,78,1,24
Bromus hordeaceus,20/10C,-0.6,B,81,3,24
Bromus hordeaceus,20/10C,-0.6,B,85,0,24
Bromus hordeaceus,20/10C,-0.6,B,89,0,24
Bromus hordeaceus,20/10C,-0.6,B,96,0,24
Bromus hordeaceus,20/10C,-0.6,B,102,0,24
Bromus hordeaceus,20/10C,-0.6,B,107,1,24
Bromus hordeaceus,20/10C,-0.6,C,8,0,25
Bromus hordeaceus,20/10C,-0.6,C,11,0,25
Bromus hordeaceus,20/10C,-0.6,C,16,0,25
Bromus hordeaceus,20/10C,-0.6,C,20,0,25
Bromus hordeaceus,20/10C,-0.6,C,24,0,25
Bromus hordeaceus,20/10C,-0.6,C,28,0,25
Bromus hordeaceus,20/10C,-0.6,C,32,0,25
Bromus hordeaceus,20/10C,-0.6,C,36,1,25
Bromus hordeaceus,20/10C,-0.6,C,40,0,25
Bromus hordeaceus,20/10C,-0.6,C,44,0,25
Bromus hordeaceus,20/10C,-0.6,C,51,5,25
Bromus hordeaceus,20/10C,-0.6,C,58,13,25
Bromus hordeaceus,20/10C,-0.6,C,61,0,25
Bromus hordeaceus,20/10C,-0.6,C,67,1,25
Bromus hordeaceus,20/10C,-0.6,C,74,2,25
Bromus hordeaceus,20/10C,-0.6,C,78,1,25
Bromus hordeaceus,20/10C,-0.6,C,81,1,25
Bromus hordeaceus,20/10C,-0.6,C,85,1,25
Bromus hordeaceus,20/10C,-0.6,D,8,0,25
Bromus hordeaceus,20/10C,-0.6,D,11,0,25
Bromus hordeaceus,20/10C,-0.6,D,16,0,25
Bromus hordeaceus,20/10C,-0.6,D,20,0,25
Bromus hordeaceus,20/10C,-0.6,D,24,0,25
Bromus hordeaceus,20/10C,-0.6,D,28,0,25
Bromus hordeaceus,20/10C,-0.6,D,32,0,25
Bromus hordeaceus,20/10C,-0.6,D,36,0,25
Bromus hordeaceus,20/10C,-0.6,D,40,2,25
Bromus hordeaceus,20/10C,-0.6,D,44,0,25
Bromus hordeaceus,20/10C,-0.6,D,51,4,25
Bromus hordeaceus,20/10C,-0.6,D,58,11,25
Bromus hordeaceus,20/10C,-0.6,D,61,2,25
Bromus hordeaceus,20/10C,-0.6,D,67,0,25
Bromus hordeaceus,20/10C,-0.6,D,74,4,25
Bromus hordeaceus,20/10C,-0.6,D,78,1,25
Bromus hordeaceus,20/10C,-0.6,D,81,1,25
Bromus hordeaceus,20/10C,-0.8,A,8,0,25
Bromus hordeaceus,20/10C,-0.8,A,11,0,25
Bromus hordeaceus,20/10C,-0.8,A,16,0,25
Bromus hordeaceus,20/10C,-0.8,A,20,0,25
Bromus hordeaceus,20/10C,-0.8,A,24,0,25
Bromus hordeaceus,20/10C,-0.8,A,28,0,25
Bromus hordeaceus,20/10C,-0.8,A,32,0,25
Bromus hordeaceus,20/10C,-0.8,A,36,0,25
Bromus hordeaceus,20/10C,-0.8,A,40,0,25
Bromus hordeaceus,20/10C,-0.8,A,44,0,25
Bromus hordeaceus,20/10C,-0.8,A,51,3,25
Bromus hordeaceus,20/10C,-0.8,A,58,7,25
Bromus hordeaceus,20/10C,-0.8,A,61,1,25
Bromus hordeaceus,20/10C,-0.8,A,67,2,25
Bromus hordeaceus,20/10C,-0.8,A,74,2,25
Bromus hordeaceus,20/10C,-0.8,A,78,2,25
Bromus hordeaceus,20/10C,-0.8,A,81,0,25
Bromus hordeaceus,20/10C,-0.8,A,85,4,25
Bromus hordeaceus,20/10C,-0.8,A,89,1,25
Bromus hordeaceus,20/10C,-0.8,A,96,0,25
Bromus hordeaceus,20/10C,-0.8,A,102,1,25
Bromus hordeaceus,20/10C,-0.8,A,107,0,25
Bromus hordeaceus,20/10C,-0.8,A,114,0,25
Bromus hordeaceus,20/10C,-0.8,A,119,0,25
Bromus hordeaceus,20/10C,-0.8,A,126,0,25
Bromus hordeaceus,20/10C,-0.8,A,131,0,25
Bromus hordeaceus,20/10C,-0.8,A,138,0,25
Bromus hordeaceus,20/10C,-0.8,A,143,0,25
Bromus hordeaceus,20/10C,-0.8,A,150,0,25
Bromus hordeaceus,20/10C,-0.8,A,155,0,25
Bromus hordeaceus,20/10C,-0.8,A,168,0,25
Bromus hordeaceus,20/10C,-0.8,A,175,0,25
Bromus hordeaceus,20/10C,-0.8,A,186,0,25
Bromus hordeaceus,20/10C,-0.8,A,210,0,25
Bromus hordeaceus,20/10C,-0.8,A,235,0,25
Bromus hordeaceus,20/10C,-0.8,A,284,0,25
Bromus hordeaceus,20/10C,-0.8,A,337,0,25
Bromus hordeaceus,20/10C,-0.8,A,377,0,25
Bromus hordeaceus,20/10C,-0.8,A,474,1,25
Bromus hordeaceus,20/10C,-0.8,B,8,0,25
Bromus hordeaceus,20/10C,-0.8,B,11,0,25
Bromus hordeaceus,20/10C,-0.8,B,16,0,25
Bromus hordeaceus,20/10C,-0.8,B,20,0,25
Bromus hordeaceus,20/10C,-0.8,B,24,0,25
Bromus hordeaceus,20/10C,-0.8,B,28,0,25
Bromus hordeaceus,20/10C,-0.8,B,32,0,25
Bromus hordeaceus,20/10C,-0.8,B,36,0,25
Bromus hordeaceus,20/10C,-0.8,B,40,0,25
Bromus hordeaceus,20/10C,-0.8,B,44,0,25
Bromus hordeaceus,20/10C,-0.8,B,51,1,25
Bromus hordeaceus,20/10C,-0.8,B,58,9,25
Bromus hordeaceus,20/10C,-0.8,B,61,1,25
Bromus hordeaceus,20/10C,-0.8,B,67,1,25
Bromus hordeaceus,20/10C,-0.8,B,74,6,25
Bromus hordeaceus,20/10C,-0.8,B,78,2,25
Bromus hordeaceus,20/10C,-0.8,B,81,1,25
Bromus hordeaceus,20/10C,-0.8,B,85,0,25
Bromus hordeaceus,20/10C,-0.8,B,89,1,25
Bromus hordeaceus,20/10C,-0.8,B,96,1,25
Bromus hordeaceus,20/10C,-0.8,B,102,0,25
Bromus hordeaceus,20/10C,-0.8,B,107,0,25
Bromus hordeaceus,20/10C,-0.8,B,114,0,25
Bromus hordeaceus,20/10C,-0.8,B,119,0,25
Bromus hordeaceus,20/10C,-0.8,B,126,1,25
Bromus hordeaceus,20/10C,-0.8,B,131,0,25
Bromus hordeaceus,20/10C,-0.8,B,138,0,25
Bromus hordeaceus,20/10C,-0.8,B,143,0,25
Bromus hordeaceus,20/10C,-0.8,B,150,0,25
Bromus hordeaceus,20/10C,-0.8,B,155,0,25
Bromus hordeaceus,20/10C,-0.8,B,168,0,25
Bromus hordeaceus,20/10C,-0.8,B,175,0,25
Bromus hordeaceus,20/10C,-0.8,B,186,0,25
Bromus hordeaceus,20/10C,-0.8,B,210,0,25
Bromus hordeaceus,20/10C,-0.8,B,235,0,25
Bromus hordeaceus,20/10C,-0.8,B,284,0,25
Bromus hordeaceus,20/10C,-0.8,B,337,0,25
Bromus hordeaceus,20/10C,-0.8,B,377,0,25
Bromus hordeaceus,20/10C,-0.8,B,474,1,25
Bromus hordeaceus,20/10C,-0.8,C,8,0,25
Bromus hordeaceus,20/10C,-0.8,C,11,0,25
Bromus hordeaceus,20/10C,-0.8,C,16,0,25
Bromus hordeaceus,20/10C,-0.8,C,20,0,25
Bromus hordeaceus,20/10C,-0.8,C,24,0,25
Bromus hordeaceus,20/10C,-0.8,C,28,0,25
Bromus hordeaceus,20/10C,-0.8,C,32,0,25
Bromus hordeaceus,20/10C,-0.8,C,36,0,25
Bromus hordeaceus,20/10C,-0.8,C,40,0,25
Bromus hordeaceus,20/10C,-0.8,C,44,0,25
Bromus hordeaceus,20/10C,-0.8,C,51,0,25
Bromus hordeaceus,20/10C,-0.8,C,58,7,25
Bromus hordeaceus,20/10C,-0.8,C,61,1,25
Bromus hordeaceus,20/10C,-0.8,C,67,1,25
Bromus hordeaceus,20/10C,-0.8,C,74,6,25
Bromus hordeaceus,20/10C,-0.8,C,78,3,25
Bromus hordeaceus,20/10C,-0.8,C,81,5,25
Bromus hordeaceus,20/10C,-0.8,C,85,2,25
Bromus hordeaceus,20/10C,-0.8,D,8,0,25
Bromus hordeaceus,20/10C,-0.8,D,11,0,25
Bromus hordeaceus,20/10C,-0.8,D,16,0,25
Bromus hordeaceus,20/10C,-0.8,D,20,0,25
Bromus hordeaceus,20/10C,-0.8,D,24,0,25
Bromus hordeaceus,20/10C,-0.8,D,28,0,25
Bromus hordeaceus,20/10C,-0.8,D,32,0,25
Bromus hordeaceus,20/10C,-0.8,D,36,0,25
Bromus hordeaceus,20/10C,-0.8,D,40,0,25
Bromus hordeaceus,20/10C,-0.8,D,44,0,25
Bromus hordeaceus,20/10C,-0.8,D,51,3,25
Bromus hordeaceus,20/10C,-0.8,D,58,4,25
Bromus hordeaceus,20/10C,-0.8,D,61,3,25
Bromus hordeaceus,20/10C,-0.8,D,67,0,25
Bromus hordeaceus,20/10C,-0.8,D,74,7,25
Bromus hordeaceus,20/10C,-0.8,D,78,3,25
Bromus hordeaceus,20/10C,-0.8,D,81,3,25
Bromus hordeaceus,20/10C,-0.8,D,85,1,25
Bromus hordeaceus,20/10C,-0.8,D,89,0,25
Bromus hordeaceus,20/10C,-0.8,D,96,0,25
Bromus hordeaceus,20/10C,-0.8,D,102,0,25
Bromus hordeaceus,20/10C,-0.8,D,107,0,25
Bromus hordeaceus,20/10C,-0.8,D,114,0,25
Bromus hordeaceus,20/10C,-0.8,D,119,0,25
Bromus hordeaceus,20/10C,-0.8,D,126,0,25
Bromus hordeaceus,20/10C,-0.8,D,131,1,25
Bromus hordeaceus,20/10C,0,A,8,0,25
Bromus hordeaceus,20/10C,0,A,11,0,25
Bromus hordeaceus,20/10C,0,A,16,0,25
Bromus hordeaceus,20/10C,0,A,20,0,25
Bromus hordeaceus,20/10C,0,A,24,0,25
Bromus hordeaceus,20/10C,0,A,28,12,25
Bromus hordeaceus,20/10C,0,A,32,7,25
Bromus hordeaceus,20/10C,0,A,36,2,25
Bromus hordeaceus,20/10C,0,A,40,0,25
Bromus hordeaceus,20/10C,0,A,44,1,25
Bromus hordeaceus,20/10C,0,A,51,2,25
Bromus hordeaceus,20/10C,0,A,58,1,25
Bromus hordeaceus,20/10C,0,B,8,0,25
Bromus hordeaceus,20/10C,0,B,11,0,25
Bromus hordeaceus,20/10C,0,B,16,0,25
Bromus hordeaceus,20/10C,0,B,20,0,25
Bromus hordeaceus,20/10C,0,B,24,0,25
Bromus hordeaceus,20/10C,0,B,28,15,25
Bromus hordeaceus,20/10C,0,B,32,1,25
Bromus hordeaceus,20/10C,0,B,36,4,25
Bromus hordeaceus,20/10C,0,B,40,0,25
Bromus hordeaceus,20/10C,0,B,44,1,25
Bromus hordeaceus,20/10C,0,B,51,1,25
Bromus hordeaceus,20/10C,0,B,58,3,25
Bromus hordeaceus,20/10C,0,C,8,0,25
Bromus hordeaceus,20/10C,0,C,11,0,25
Bromus hordeaceus,20/10C,0,C,16,0,25
Bromus hordeaceus,20/10C,0,C,20,0,25
Bromus hordeaceus,20/10C,0,C,24,0,25
Bromus hordeaceus,20/10C,0,C,28,12,25
Bromus hordeaceus,20/10C,0,C,32,5,25
Bromus hordeaceus,20/10C,0,C,36,1,25
Bromus hordeaceus,20/10C,0,C,40,2,25
Bromus hordeaceus,20/10C,0,C,44,1,25
Bromus hordeaceus,20/10C,0,C,51,1,25
Bromus hordeaceus,20/10C,0,C,58,2,25
Bromus hordeaceus,20/10C,0,D,8,0,25
Bromus hordeaceus,20/10C,0,D,11,0,25
Bromus hordeaceus,20/10C,0,D,16,0,25
Bromus hordeaceus,20/10C,0,D,20,0,25
Bromus hordeaceus,20/10C,0,D,24,0,25
Bromus hordeaceus,20/10C,0,D,28,11,25
Bromus hordeaceus,20/10C,0,D,32,7,25
Bromus hordeaceus,20/10C,0,D,36,2,25
Bromus hordeaceus,20/10C,0,D,40,1,25
Bromus hordeaceus,20/10C,0,D,44,0,25
Bromus hordeaceus,20/10C,0,D,51,0,25
Bromus hordeaceus,20/10C,0,D,58,1,25
Bromus hordeaceus,20/10C,0,D,61,1,25
Bromus hordeaceus,20/10C,0,D,67,0,25
Bromus hordeaceus,20/10C,0,D,74,0,25
Bromus hordeaceus,20/10C,0,D,78,1,25
Bromus hordeaceus,20/10C,-1.6,A,8,0,25
Bromus hordeaceus,20/10C,-1.6,A,11,0,25
Bromus hordeaceus,20/10C,-1.6,A,16,0,25
Bromus hordeaceus,20/10C,-1.6,A,20,0,25
Bromus hordeaceus,20/10C,-1.6,A,24,0,25
Bromus hordeaceus,20/10C,-1.6,A,28,0,25
Bromus hordeaceus,20/10C,-1.6,A,32,0,25
Bromus hordeaceus,20/10C,-1.6,A,36,0,25
Bromus hordeaceus,20/10C,-1.6,A,40,0,25
Bromus hordeaceus,20/10C,-1.6,A,44,0,25
Bromus hordeaceus,20/10C,-1.6,A,51,0,25
Bromus hordeaceus,20/10C,-1.6,A,58,0,25
Bromus hordeaceus,20/10C,-1.6,A,61,0,25
Bromus hordeaceus,20/10C,-1.6,A,67,0,25
Bromus hordeaceus,20/10C,-1.6,A,74,0,25
Bromus hordeaceus,20/10C,-1.6,A,78,0,25
Bromus hordeaceus,20/10C,-1.6,A,81,0,25
Bromus hordeaceus,20/10C,-1.6,A,85,0,25
Bromus hordeaceus,20/10C,-1.6,A,89,0,25
Bromus hordeaceus,20/10C,-1.6,A,96,0,25
Bromus hordeaceus,20/10C,-1.6,A,102,0,25
Bromus hordeaceus,20/10C,-1.6,A,107,0,25
Bromus hordeaceus,20/10C,-1.6,A,114,0,25
Bromus hordeaceus,20/10C,-1.6,A,119,1,25
Bromus hordeaceus,20/10C,-1.6,A,126,2,25
Bromus hordeaceus,20/10C,-1.6,A,131,0,25
Bromus hordeaceus,20/10C,-1.6,A,138,0,25
Bromus hordeaceus,20/10C,-1.6,A,143,0,25
Bromus hordeaceus,20/10C,-1.6,A,150,0,25
Bromus hordeaceus,20/10C,-1.6,A,155,5,25
Bromus hordeaceus,20/10C,-1.6,A,168,0,25
Bromus hordeaceus,20/10C,-1.6,A,175,0,25
Bromus hordeaceus,20/10C,-1.6,A,186,0,25
Bromus hordeaceus,20/10C,-1.6,A,210,1,25
Bromus hordeaceus,20/10C,-1.6,A,235,0,25
Bromus hordeaceus,20/10C,-1.6,A,284,2,25
Bromus hordeaceus,20/10C,-1.6,A,337,1,25
Bromus hordeaceus,20/10C,-1.6,A,377,0,25
Bromus hordeaceus,20/10C,-1.6,A,474,0,25
Bromus hordeaceus,20/10C,-1.6,A,537,1,25
Bromus hordeaceus,20/10C,-1.6,A,656,1,25
Bromus hordeaceus,20/10C,-1.6,B,8,0,25
Bromus hordeaceus,20/10C,-1.6,B,11,0,25
Bromus hordeaceus,20/10C,-1.6,B,16,0,25
Bromus hordeaceus,20/10C,-1.6,B,20,0,25
Bromus hordeaceus,20/10C,-1.6,B,24,0,25
Bromus hordeaceus,20/10C,-1.6,B,28,0,25
Bromus hordeaceus,20/10C,-1.6,B,32,0,25
Bromus hordeaceus,20/10C,-1.6,B,36,0,25
Bromus hordeaceus,20/10C,-1.6,B,40,0,25
Bromus hordeaceus,20/10C,-1.6,B,44,0,25
Bromus hordeaceus,20/10C,-1.6,B,51,0,25
Bromus hordeaceus,20/10C,-1.6,B,58,0,25
Bromus hordeaceus,20/10C,-1.6,B,61,0,25
Bromus hordeaceus,20/10C,-1.6,B,67,0,25
Bromus hordeaceus,20/10C,-1.6,B,74,0,25
Bromus hordeaceus,20/10C,-1.6,B,78,0,25
Bromus hordeaceus,20/10C,-1.6,B,81,0,25
Bromus hordeaceus,20/10C,-1.6,B,85,0,25
Bromus hordeaceus,20/10C,-1.6,B,89,0,25
Bromus hordeaceus,20/10C,-1.6,B,96,0,25
Bromus hordeaceus,20/10C,-1.6,B,102,0,25
Bromus hordeaceus,20/10C,-1.6,B,107,0,25
Bromus hordeaceus,20/10C,-1.6,B,114,0,25
Bromus hordeaceus,20/10C,-1.6,B,119,0,25
Bromus hordeaceus,20/10C,-1.6,B,126,2,25
Bromus hordeaceus,20/10C,-1.6,B,131,0,25
Bromus hordeaceus,20/10C,-1.6,B,138,0,25
Bromus hordeaceus,20/10C,-1.6,B,143,0,25
Bromus hordeaceus,20/10C,-1.6,B,150,0,25
Bromus hordeaceus,20/10C,-1.6,B,155,0,25
Bromus hordeaceus,20/10C,-1.6,B,168,1,25
Bromus hordeaceus,20/10C,-1.6,B,175,0,25
Bromus hordeaceus,20/10C,-1.6,B,186,0,25
Bromus hordeaceus,20/10C,-1.6,B,210,0,25
Bromus hordeaceus,20/10C,-1.6,B,235,1,25
Bromus hordeaceus,20/10C,-1.6,B,284,4,25
Bromus hordeaceus,20/10C,-1.6,B,337,5,25
Bromus hordeaceus,20/10C,-1.6,B,377,3,25
Bromus hordeaceus,20/10C,-1.6,B,474,0,25
Bromus hordeaceus,20/10C,-1.6,B,537,1,25
Bromus hordeaceus,20/10C,-1.6,B,656,2,25
Bromus hordeaceus,20/10C,-1.6,C,8,0,25
Bromus hordeaceus,20/10C,-1.6,C,11,0,25
Bromus hordeaceus,20/10C,-1.6,C,16,0,25
Bromus hordeaceus,20/10C,-1.6,C,20,0,25
Bromus hordeaceus,20/10C,-1.6,C,24,0,25
Bromus hordeaceus,20/10C,-1.6,C,28,0,25
Bromus hordeaceus,20/10C,-1.6,C,32,0,25
Bromus hordeaceus,20/10C,-1.6,C,36,0,25
Bromus hordeaceus,20/10C,-1.6,C,40,0,25
Bromus hordeaceus,20/10C,-1.6,C,44,0,25
Bromus hordeaceus,20/10C,-1.6,C,51,0,25
Bromus hordeaceus,20/10C,-1.6,C,58,0,25
Bromus hordeaceus,20/10C,-1.6,C,61,0,25
Bromus hordeaceus,20/10C,-1.6,C,67,0,25
Bromus hordeaceus,20/10C,-1.6,C,74,0,25
Bromus hordeaceus,20/10C,-1.6,C,78,0,25
Bromus hordeaceus,20/10C,-1.6,C,81,0,25
Bromus hordeaceus,20/10C,-1.6,C,85,0,25
Bromus hordeaceus,20/10C,-1.6,C,89,0,25
Bromus hordeaceus,20/10C,-1.6,C,96,0,25
Bromus hordeaceus,20/10C,-1.6,C,102,0,25
Bromus hordeaceus,20/10C,-1.6,C,107,0,25
Bromus hordeaceus,20/10C,-1.6,C,114,0,25
Bromus hordeaceus,20/10C,-1.6,C,119,0,25
Bromus hordeaceus,20/10C,-1.6,C,126,1,25
Bromus hordeaceus,20/10C,-1.6,C,131,0,25
Bromus hordeaceus,20/10C,-1.6,C,138,0,25
Bromus hordeaceus,20/10C,-1.6,C,143,0,25
Bromus hordeaceus,20/10C,-1.6,C,150,0,25
Bromus hordeaceus,20/10C,-1.6,C,155,4,25
Bromus hordeaceus,20/10C,-1.6,C,168,0,25
Bromus hordeaceus,20/10C,-1.6,C,175,0,25
Bromus hordeaceus,20/10C,-1.6,C,186,0,25
Bromus hordeaceus,20/10C,-1.6,C,210,0,25
Bromus hordeaceus,20/10C,-1.6,C,235,2,25
Bromus hordeaceus,20/10C,-1.6,C,284,3,25
Bromus hordeaceus,20/10C,-1.6,C,337,1,25
Bromus hordeaceus,20/10C,-1.6,C,377,2,25
Bromus hordeaceus,20/10C,-1.6,C,474,3,25
Bromus hordeaceus,20/10C,-1.6,D,8,0,25
Bromus hordeaceus,20/10C,-1.6,D,11,0,25
Bromus hordeaceus,20/10C,-1.6,D,16,0,25
Bromus hordeaceus,20/10C,-1.6,D,20,0,25
Bromus hordeaceus,20/10C,-1.6,D,24,0,25
Bromus hordeaceus,20/10C,-1.6,D,28,0,25
Bromus hordeaceus,20/10C,-1.6,D,32,0,25
Bromus hordeaceus,20/10C,-1.6,D,36,0,25
Bromus hordeaceus,20/10C,-1.6,D,40,0,25
Bromus hordeaceus,20/10C,-1.6,D,44,0,25
Bromus hordeaceus,20/10C,-1.6,D,51,0,25
Bromus hordeaceus,20/10C,-1.6,D,58,0,25
Bromus hordeaceus,20/10C,-1.6,D,61,0,25
Bromus hordeaceus,20/10C,-1.6,D,67,0,25
Bromus hordeaceus,20/10C,-1.6,D,74,0,25
Bromus hordeaceus,20/10C,-1.6,D,78,0,25
Bromus hordeaceus,20/10C,-1.6,D,81,0,25
Bromus hordeaceus,20/10C,-1.6,D,85,0,25
Bromus hordeaceus,20/10C,-1.6,D,89,0,25
Bromus hordeaceus,20/10C,-1.6,D,96,0,25
Bromus hordeaceus,20/10C,-1.6,D,102,0,25
Bromus hordeaceus,20/10C,-1.6,D,107,0,25
Bromus hordeaceus,20/10C,-1.6,D,114,1,25
Bromus hordeaceus,20/10C,-1.6,D,119,0,25
Bromus hordeaceus,20/10C,-1.6,D,126,1,25
Bromus hordeaceus,20/10C,-1.6,D,131,0,25
Bromus hordeaceus,20/10C,-1.6,D,138,0,25
Bromus hordeaceus,20/10C,-1.6,D,143,0,25
Bromus hordeaceus,20/10C,-1.6,D,150,0,25
Bromus hordeaceus,20/10C,-1.6,D,155,3,25
Bromus hordeaceus,20/10C,-1.6,D,168,0,25
Bromus hordeaceus,20/10C,-1.6,D,175,0,25
Bromus hordeaceus,20/10C,-1.6,D,186,1,25
Bromus hordeaceus,20/10C,-1.6,D,210,0,25
Bromus hordeaceus,20/10C,-1.6,D,235,2,25
Bromus hordeaceus,20/10C,-1.6,D,284,3,25
Bromus hordeaceus,20/10C,-1.6,D,337,4,25
Bromus hordeaceus,20/10C,-1.6,D,377,0,25
Bromus hordeaceus,20/10C,-1.6,D,474,0,25
Bromus hordeaceus,20/10C,-1.6,D,537,1,25
Bromus hordeaceus,20/10C,-1.6,D,656,0,25
Bromus hordeaceus,20/10C,-1.6,D,812,1,25
Bromus hordeaceus,20/10C,-1.6,D,911,0,25
Bromus hordeaceus,20/10C,-1.6,D,1056,0,25
Bromus hordeaceus,20/10C,-1.6,D,1339,1,25
Bromus hordeaceus,20/10C,-1,A,8,0,25
Bromus hordeaceus,20/10C,-1,A,11,0,25
Bromus hordeaceus,20/10C,-1,A,16,0,25
Bromus hordeaceus,20/10C,-1,A,20,0,25
Bromus hordeaceus,20/10C,-1,A,24,0,25
Bromus hordeaceus,20/10C,-1,A,28,0,25
Bromus hordeaceus,20/10C,-1,A,32,0,25
Bromus hordeaceus,20/10C,-1,A,36,0,25
Bromus hordeaceus,20/10C,-1,A,40,0,25
Bromus hordeaceus,20/10C,-1,A,44,0,25
Bromus hordeaceus,20/10C,-1,A,51,0,25
Bromus hordeaceus,20/10C,-1,A,58,3,25
Bromus hordeaceus,20/10C,-1,A,61,1,25
Bromus hordeaceus,20/10C,-1,A,67,0,25
Bromus hordeaceus,20/10C,-1,A,74,6,25
Bromus hordeaceus,20/10C,-1,A,78,3,25
Bromus hordeaceus,20/10C,-1,A,81,3,25
Bromus hordeaceus,20/10C,-1,A,85,0,25
Bromus hordeaceus,20/10C,-1,A,89,0,25
Bromus hordeaceus,20/10C,-1,A,96,0,25
Bromus hordeaceus,20/10C,-1,A,102,3,25
Bromus hordeaceus,20/10C,-1,A,107,0,25
Bromus hordeaceus,20/10C,-1,A,114,0,25
Bromus hordeaceus,20/10C,-1,A,119,0,25
Bromus hordeaceus,20/10C,-1,A,126,3,25
Bromus hordeaceus,20/10C,-1,A,131,0,25
Bromus hordeaceus,20/10C,-1,A,138,0,25
Bromus hordeaceus,20/10C,-1,A,143,0,25
Bromus hordeaceus,20/10C,-1,A,150,1,25
Bromus hordeaceus,20/10C,-1,A,155,0,25
Bromus hordeaceus,20/10C,-1,A,168,0,25
Bromus hordeaceus,20/10C,-1,A,175,0,25
Bromus hordeaceus,20/10C,-1,A,186,0,25
Bromus hordeaceus,20/10C,-1,A,210,1,25
Bromus hordeaceus,20/10C,-1,A,235,0,25
Bromus hordeaceus,20/10C,-1,A,284,1,25
Bromus hordeaceus,20/10C,-1,B,8,0,25
Bromus hordeaceus,20/10C,-1,B,11,0,25
Bromus hordeaceus,20/10C,-1,B,16,0,25
Bromus hordeaceus,20/10C,-1,B,20,0,25
Bromus hordeaceus,20/10C,-1,B,24,0,25
Bromus hordeaceus,20/10C,-1,B,28,0,25
Bromus hordeaceus,20/10C,-1,B,32,0,25
Bromus hordeaceus,20/10C,-1,B,36,0,25
Bromus hordeaceus,20/10C,-1,B,40,0,25
Bromus hordeaceus,20/10C,-1,B,44,0,25
Bromus hordeaceus,20/10C,-1,B,51,0,25
Bromus hordeaceus,20/10C,-1,B,58,1,25
Bromus hordeaceus,20/10C,-1,B,61,0,25
Bromus hordeaceus,20/10C,-1,B,67,0,25
Bromus hordeaceus,20/10C,-1,B,74,4,25
Bromus hordeaceus,20/10C,-1,B,78,0,25
Bromus hordeaceus,20/10C,-1,B,81,5,25
Bromus hordeaceus,20/10C,-1,B,85,1,25
Bromus hordeaceus,20/10C,-1,B,89,0,25
Bromus hordeaceus,20/10C,-1,B,96,0,25
Bromus hordeaceus,20/10C,-1,B,102,2,25
Bromus hordeaceus,20/10C,-1,B,107,1,25
Bromus hordeaceus,20/10C,-1,B,114,0,25
Bromus hordeaceus,20/10C,-1,B,119,0,25
Bromus hordeaceus,20/10C,-1,B,126,5,25
Bromus hordeaceus,20/10C,-1,B,131,0,25
Bromus hordeaceus,20/10C,-1,B,138,0,25
Bromus hordeaceus,20/10C,-1,B,143,0,25
Bromus hordeaceus,20/10C,-1,B,150,2,25
Bromus hordeaceus,20/10C,-1,B,155,0,25
Bromus hordeaceus,20/10C,-1,B,168,0,25
Bromus hordeaceus,20/10C,-1,B,175,0,25
Bromus hordeaceus,20/10C,-1,B,186,1,25
Bromus hordeaceus,20/10C,-1,B,210,1,25
Bromus hordeaceus,20/10C,-1,B,235,1,25
Bromus hordeaceus,20/10C,-1,B,284,0,25
Bromus hordeaceus,20/10C,-1,B,337,0,25
Bromus hordeaceus,20/10C,-1,B,377,0,25
Bromus hordeaceus,20/10C,-1,B,474,0,25
Bromus hordeaceus,20/10C,-1,B,537,0,25
Bromus hordeaceus,20/10C,-1,B,656,0,25
Bromus hordeaceus,20/10C,-1,B,812,0,25
Bromus hordeaceus,20/10C,-1,B,911,1,25
Bromus hordeaceus,20/10C,-1,C,8,0,25
Bromus hordeaceus,20/10C,-1,C,11,0,25
Bromus hordeaceus,20/10C,-1,C,16,0,25
Bromus hordeaceus,20/10C,-1,C,20,0,25
Bromus hordeaceus,20/10C,-1,C,24,0,25
Bromus hordeaceus,20/10C,-1,C,28,0,25
Bromus hordeaceus,20/10C,-1,C,32,0,25
Bromus hordeaceus,20/10C,-1,C,36,0,25
Bromus hordeaceus,20/10C,-1,C,40,0,25
Bromus hordeaceus,20/10C,-1,C,44,0,25
Bromus hordeaceus,20/10C,-1,C,51,0,25
Bromus hordeaceus,20/10C,-1,C,58,1,25
Bromus hordeaceus,20/10C,-1,C,61,2,25
Bromus hordeaceus,20/10C,-1,C,67,0,25
Bromus hordeaceus,20/10C,-1,C,74,4,25
Bromus hordeaceus,20/10C,-1,C,78,2,25
Bromus hordeaceus,20/10C,-1,C,81,5,25
Bromus hordeaceus,20/10C,-1,C,85,0,25
Bromus hordeaceus,20/10C,-1,C,89,0,25
Bromus hordeaceus,20/10C,-1,C,96,0,25
Bromus hordeaceus,20/10C,-1,C,102,3,25
Bromus hordeaceus,20/10C,-1,C,107,0,25
Bromus hordeaceus,20/10C,-1,C,114,1,25
Bromus hordeaceus,20/10C,-1,C,119,0,25
Bromus hordeaceus,20/10C,-1,C,126,4,25
Bromus hordeaceus,20/10C,-1,C,131,0,25
Bromus hordeaceus,20/10C,-1,C,138,1,25
Bromus hordeaceus,20/10C,-1,C,143,0,25
Bromus hordeaceus,20/10C,-1,C,150,2,25
Bromus hordeaceus,20/10C,-1,D,8,0,25
Bromus hordeaceus,20/10C,-1,D,11,0,25
Bromus hordeaceus,20/10C,-1,D,16,0,25
Bromus hordeaceus,20/10C,-1,D,20,0,25
Bromus hordeaceus,20/10C,-1,D,24,0,25
Bromus hordeaceus,20/10C,-1,D,28,0,25
Bromus hordeaceus,20/10C,-1,D,32,0,25
Bromus hordeaceus,20/10C,-1,D,36,0,25
Bromus hordeaceus,20/10C,-1,D,40,0,25
Bromus hordeaceus,20/10C,-1,D,44,0,25
Bromus hordeaceus,20/10C,-1,D,51,0,25
Bromus hordeaceus,20/10C,-1,D,58,2,25
Bromus hordeaceus,20/10C,-1,D,61,0,25
Bromus hordeaceus,20/10C,-1,D,67,0,25
Bromus hordeaceus,20/10C,-1,D,74,7,25
Bromus hordeaceus,20/10C,-1,D,78,2,25
Bromus hordeaceus,20/10C,-1,D,81,4,25
Bromus hordeaceus,20/10C,-1,D,85,0,25
Bromus hordeaceus,20/10C,-1,D,89,0,25
Bromus hordeaceus,20/10C,-1,D,96,0,25
Bromus hordeaceus,20/10C,-1,D,102,2,25
Bromus hordeaceus,20/10C,-1,D,107,0,25
Bromus hordeaceus,20/10C,-1,D,114,0,25
Bromus hordeaceus,20/10C,-1,D,119,0,25
Bromus hordeaceus,20/10C,-1,D,126,3,25
Bromus hordeaceus,20/10C,-1,D,131,1,25
Bromus hordeaceus,20/10C,-1,D,138,0,25
Bromus hordeaceus,20/10C,-1,D,143,0,25
Bromus hordeaceus,20/10C,-1,D,150,0,25
Bromus hordeaceus,20/10C,-1,D,155,0,25
Bromus hordeaceus,20/10C,-1,D,168,0,25
Bromus hordeaceus,20/10C,-1,D,175,0,25
Bromus hordeaceus,20/10C,-1,D,186,0,25
Bromus hordeaceus,20/10C,-1,D,210,0,25
Bromus hordeaceus,20/10C,-1,D,235,1,25
Bromus hordeaceus,20/10C,-1,D,284,1,25
Bromus hordeaceus,20/10C,-1,D,337,0,25
Bromus hordeaceus,20/10C,-1,D,377,1,25
