species,population,temperature,dish,times,germinated,germinable
Centaurium somedanum,La Malva,20,A1,1,0,22
Centaurium somedanum,La Malva,20,A1,2,0,22
Centaurium somedanum,La Malva,20,A1,3,0,22
Centaurium somedanum,La Malva,20,A1,4,0,22
Centaurium somedanum,La Malva,20,A1,5,0,22
Centaurium somedanum,La Malva,20,A1,6,2,22
Centaurium somedanum,La Malva,20,A1,7,13,22
Centaurium somedanum,La Malva,20,A1,8,3,22
Centaurium somedanum,La Malva,20,A1,9,0,22
Centaurium somedanum,La Malva,20,A1,10,0,22
Centaurium somedanum,La Malva,20,A1,11,0,22
Centaurium somedanum,La Malva,20,A1,12,1,22
Centaurium somedanum,La Malva,20,A1,13,0,22
Centaurium somedanum,La Malva,20,A1,14,0,22
Centaurium somedanum,La Malva,20,A1,15,1,22
Centaurium somedanum,La Malva,20,A1,16,0,22
Centaurium somedanum,La Malva,20,A1,17,0,22
Centaurium somedanum,La Malva,20,A1,18,0,22
Centaurium somedanum,La Malva,20,A1,19,0,22
Centaurium somedanum,La Malva,20,A1,20,0,22
Centaurium somedanum,La Malva,20,A1,21,0,22
Centaurium somedanum,La Malva,20,A1,22,0,22
Centaurium somedanum,La Malva,20,A1,23,0,22
Centaurium somedanum,La Malva,20,A1,24,0,22
Centaurium somedanum,La Malva,20,A1,25,0,22
Centaurium somedanum,La Malva,20,A1,26,0,22
Centaurium somedanum,La Malva,20,A1,27,0,22
Centaurium somedanum,La Malva,20,A1,28,0,22
Centaurium somedanum,La Malva,7.3,A10,1,0,22
Centaurium somedanum,La Malva,7.3,A10,2,0,22
Centaurium somedanum,La Malva,7.3,A10,3,0,22
Centaurium somedanum,La Malva,7.3,A10,4,0,22
Centaurium somedanum,La Malva,7.3,A10,5,0,22
Centaurium somedanum,La Malva,7.3,A10,6,0,22
Centaurium somedanum,La Malva,7.3,A10,7,0,22
Centaurium somedanum,La Malva,7.3,A10,8,0,22
Centaurium somedanum,La Malva,7.3,A10,9,0,22
Centaurium somedanum,La Malva,7.3,A10,10,0,22
Centaurium somedanum,La Malva,7.3,A10,11,0,22
Centaurium somedanum,La Malva,7.3,A10,12,0,22
Centaurium somedanum,La Malva,7.3,A10,13,0,22
Centaurium somedanum,La Malva,7.3,A10,14,0,22
Centaurium somedanum,La Malva,7.3,A10,15,0,22
Centaurium somedanum,La Malva,7.3,A10,16,0,22
Centaurium somedanum,La Malva,7.3,A10,17,0,22
Centaurium somedanum,La Malva,7.3,A10,18,0,22
Centaurium somedanum,La Malva,7.3,A10,19,0,22
Centaurium somedanum,La Malva,7.3,A10,20,0,22
Centaurium somedanum,La Malva,7.3,A10,21,0,22
Centaurium somedanum,La Malva,7.3,A10,22,0,22
Centaurium somedanum,La Malva,7.3,A10,23,0,22
Centaurium somedanum,La Malva,7.3,A10,24,0,22
Centaurium somedanum,La Malva,7.3,A10,25,0,22
Centaurium somedanum,La Malva,7.3,A10,26,0,22
Centaurium somedanum,La Malva,7.3,A10,27,0,22
Centaurium somedanum,La Malva,7.3,A10,28,0,22
Centaurium somedanum,La Malva,5.8,A11,1,0,24
Centaurium somedanum,La Malva,5.8,A11,2,0,24
Centaurium somedanum,La Malva,5.8,A11,3,0,24
Centaurium somedanum,La Malva,5.8,A11,4,0,24
Centaurium somedanum,La Malva,5.8,A11,5,0,24
Centaurium somedanum,La Malva,5.8,A11,6,0,24
Centaurium somedanum,La Malva,5.8,A11,7,0,24
Centaurium somedanum,La Malva,5.8,A11,8,0,24
Centaurium somedanum,La Malva,5.8,A11,9,0,24
Centaurium somedanum,La Malva,5.8,A11,10,0,24
Centaurium somedanum,La Malva,5.8,A11,11,0,24
Centaurium somedanum,La Malva,5.8,A11,12,0,24
Centaurium somedanum,La Malva,5.8,A11,13,0,24
Centaurium somedanum,La Malva,5.8,A11,14,0,24
Centaurium somedanum,La Malva,5.8,A11,15,0,24
Centaurium somedanum,La Malva,5.8,A11,16,0,24
Centaurium somedanum,La Malva,5.8,A11,17,0,24
Centaurium somedanum,La Malva,5.8,A11,18,0,24
Centaurium somedanum,La Malva,5.8,A11,19,0,24
Centaurium somedanum,La Malva,5.8,A11,20,0,24
Centaurium somedanum,La Malva,5.8,A11,21,0,24
Centaurium somedanum,La Malva,5.8,A11,22,0,24
Centaurium somedanum,La Malva,5.8,A11,23,0,24
Centaurium somedanum,La Malva,5.8,A11,24,0,24
Centaurium somedanum,La Malva,5.8,A11,25,0,24
Centaurium somedanum,La Malva,5.8,A11,26,0,24
Centaurium somedanum,La Malva,5.8,A11,27,0,24
Centaurium somedanum,La Malva,5.8,A11,28,0,24
Centaurium somedanum,La Malva,4.4,A12,1,0,23
Centaurium somedanum,La Malva,4.4,A12,2,0,23
Centaurium somedanum,La Malva,4.4,A12,3,0,23
Centaurium somedanum,La Malva,4.4,A12,4,0,23
Centaurium somedanum,La Malva,4.4,A12,5,0,23
Centaurium somedanum,La Malva,4.4,A12,6,0,23
Centaurium somedanum,La Malva,4.4,A12,7,0,23
Centaurium somedanum,La Malva,4.4,A12,8,0,23
Centaurium somedanum,La Malva,4.4,A12,9,0,23
Centaurium somedanum,La Malva,4.4,A12,10,0,23
Centaurium somedanum,La Malva,4.4,A12,11,0,23
Centaurium somedanum,La Malva,4.4,A12,12,0,23
Centaurium somedanum,La Malva,4.4,A12,13,0,23
Centaurium somedanum,La Malva,4.4,A12,14,0,23
Centaurium somedanum,La Malva,4.4,A12,15,0,23
Centaurium somedanum,La Malva,4.4,A12,16,0,23
Centaurium somedanum,La Malva,4.4,A12,17,0,23
Centaurium somedanum,La Malva,4.4,A12,18,0,23
Centaurium somedanum,La Malva,4.4,A12,19,0,23
Centaurium somedanum,La Malva,4.4,A12,20,0,23
Centaurium somedanum,La Malva,4.4,A12,21,0,23
Centaurium somedanum,La Malva,4.4,A12,22,0,23
Centaurium somedanum,La Malva,4.4,A12,23,0,23
Centaurium somedanum,La Malva,4.4,A12,24,0,23
Centaurium somedanum,La Malva,4.4,A12,25,0,23
Centaurium somedanum,La Malva,4.4,A12,26,0,23
Centaurium somedanum,La Malva,4.4,A12,27,0,23
Centaurium somedanum,La Malva,4.4,A12,28,0,23
Centaurium somedanum,La Malva,3,A13,1,0,23
Centaurium somedanum,La Malva,3,A13,2,0,23
Centaurium somedanum,La Malva,3,A13,3,0,23
Centaurium somedanum,La Malva,3,A13,4,0,23
Centaurium somedanum,La Malva,3,A13,5,0,23
Centaurium somedanum,La Malva,3,A13,6,0,23
Centaurium somedanum,La Malva,3,A13,7,0,23
Centaurium somedanum,La Malva,3,A13,8,0,23
Centaurium somedanum,La Malva,3,A13,9,0,23
Centaurium somedanum,La Malva,3,A13,10,0,23
Centaurium somedanum,La Malva,3,A13,11,0,23
Centaurium somedanum,La Malva,3,A13,12,0,23
Centaurium somedanum,La Malva,3,A13,13,0,23
Centaurium somedanum,La Malva,3,A13,14,0,23
Centaurium somedanum,La Malva,3,A13,15,0,23
Centaurium somedanum,La Malva,3,A13,16,0,23
Centaurium somedanum,La Malva,3,A13,17,0,23
Centaurium somedanum,La Malva,3,A13,18,0,23
Centaurium somedanum,La Malva,3,A13,19,0,23
Centaurium somedanum,La Malva,3,A13,20,0,23
Centaurium somedanum,La Malva,3,A13,21,0,23
Centaurium somedanum,La Malva,3,A13,22,0,23
Centaurium somedanum,La Malva,3,A13,23,0,23
Centaurium somedanum,La Malva,3,A13,24,0,23
Centaurium somedanum,La Malva,3,A13,25,0,23
Centaurium somedanum,La Malva,3,A13,26,0,23
Centaurium somedanum,La Malva,3,A13,27,0,23
Centaurium somedanum,La Malva,3,A13,28,0,23
Centaurium somedanum,La Malva,18.6,A2,1,0,24
Centaurium somedanum,La Malva,18.6,A2,2,0,24
Centaurium somedanum,La Malva,18.6,A2,3,0,24
Centaurium somedanum,La Malva,18.6,A2,4,0,24
Centaurium somedanum,La Malva,18.6,A2,5,0,24
Centaurium somedanum,La Malva,18.6,A2,6,0,24
Centaurium somedanum,La Malva,18.6,A2,7,14,24
Centaurium somedanum,La Malva,18.6,A2,8,9,24
Centaurium somedanum,La Malva,18.6,A2,9,0,24
Centaurium somedanum,La Malva,18.6,A2,10,1,24
Centaurium somedanum,La Malva,18.6,A2,11,0,24
Centaurium somedanum,La Malva,18.6,A2,12,0,24
Centaurium somedanum,La Malva,18.6,A2,13,0,24
Centaurium somedanum,La Malva,18.6,A2,14,0,24
Centaurium somedanum,La Malva,18.6,A2,15,0,24
Centaurium somedanum,La Malva,18.6,A2,16,0,24
Centaurium somedanum,La Malva,18.6,A2,17,0,24
Centaurium somedanum,La Malva,18.6,A2,18,0,24
Centaurium somedanum,La Malva,18.6,A2,19,0,24
Centaurium somedanum,La Malva,18.6,A2,20,0,24
Centaurium somedanum,La Malva,18.6,A2,21,0,24
Centaurium somedanum,La Malva,18.6,A2,22,0,24
Centaurium somedanum,La Malva,18.6,A2,23,0,24
Centaurium somedanum,La Malva,18.6,A2,24,0,24
Centaurium somedanum,La Malva,18.6,A2,25,0,24
Centaurium somedanum,La Malva,18.6,A2,26,0,24
Centaurium somedanum,La Malva,18.6,A2,27,0,24
Centaurium somedanum,La Malva,18.6,A2,28,0,24
Centaurium somedanum,La Malva,17.2,A3,1,0,25
Centaurium somedanum,La Malva,17.2,A3,2,0,25
Centaurium somedanum,La Malva,17.2,A3,3,0,25
Centaurium somedanum,La Malva,17.2,A3,4,0,25
Centaurium somedanum,La Malva,17.2,A3,5,0,25
Centaurium somedanum,La Malva,17.2,A3,6,0,25
Centaurium somedanum,La Malva,17.2,A3,7,7,25
Centaurium somedanum,La Malva,17.2,A3,8,16,25
Centaurium somedanum,La Malva,17.2,A3,9,1,25
Centaurium somedanum,La Malva,17.2,A3,10,0,25
Centaurium somedanum,La Malva,17.2,A3,11,0,25
Centaurium somedanum,La Malva,17.2,A3,12,0,25
Centaurium somedanum,La Malva,17.2,A3,13,0,25
Centaurium somedanum,La Malva,17.2,A3,14,0,25
Centaurium somedanum,La Malva,17.2,A3,15,0,25
Centaurium somedanum,La Malva,17.2,A3,16,0,25
Centaurium somedanum,La Malva,17.2,A3,17,0,25
Centaurium somedanum,La Malva,17.2,A3,18,0,25
Centaurium somedanum,La Malva,17.2,A3,19,0,25
Centaurium somedanum,La Malva,17.2,A3,20,0,25
Centaurium somedanum,La Malva,17.2,A3,21,0,25
Centaurium somedanum,La Malva,17.2,A3,22,0,25
Centaurium somedanum,La Malva,17.2,A3,23,0,25
Centaurium somedanum,La Malva,17.2,A3,24,0,25
Centaurium somedanum,La Malva,17.2,A3,25,0,25
Centaurium somedanum,La Malva,17.2,A3,26,0,25
Centaurium somedanum,La Malva,17.2,A3,27,0,25
Centaurium somedanum,La Malva,17.2,A3,28,0,25
Centaurium somedanum,La Malva,15.8,A4,1,0,25
Centaurium somedanum,La Malva,15.8,A4,2,0,25
Centaurium somedanum,La Malva,15.8,A4,3,0,25
Centaurium somedanum,La Malva,15.8,A4,4,0,25
Centaurium somedanum,La Malva,15.8,A4,5,0,25
Centaurium somedanum,La Malva,15.8,A4,6,0,25
Centaurium somedanum,La Malva,15.8,A4,7,1,25
Centaurium somedanum,La Malva,15.8,A4,8,13,25
Centaurium somedanum,La Malva,15.8,A4,9,4,25
Centaurium somedanum,La Malva,15.8,A4,10,3,25
Centaurium somedanum,La Malva,15.8,A4,11,2,25
Centaurium somedanum,La Malva,15.8,A4,12,0,25
Centaurium somedanum,La Malva,15.8,A4,13,1,25
Centaurium somedanum,La Malva,15.8,A4,14,1,25
Centaurium somedanum,La Malva,15.8,A4,15,0,25
Centaurium somedanum,La Malva,15.8,A4,16,0,25
Centaurium somedanum,La Malva,15.8,A4,17,0,25
Centaurium somedanum,La Malva,15.8,A4,18,0,25
Centaurium somedanum,La Malva,15.8,A4,19,0,25
Centaurium somedanum,La Malva,15.8,A4,20,0,25
Centaurium somedanum,La Malva,15.8,A4,21,0,25
Centaurium somedanum,La Malva,15.8,A4,22,0,25
Centaurium somedanum,La Malva,15.8,A4,23,0,25
Centaurium somedanum,La Malva,15.8,A4,24,0,25
Centaurium somedanum,La Malva,15.8,A4,25,0,25
Centaurium somedanum,La Malva,15.8,A4,26,0,25
Centaurium somedanum,La Malva,15.8,A4,27,0,25
Centaurium somedanum,La Malva,15.8,A4,28,0,25
Centaurium somedanum,Malconcecho,20,A40,1,0,23
Centaurium somedanum,Malconcecho,20,A40,2,0,23
Centaurium somedanum,Malconcecho,20,A40,3,0,23
Centaurium somedanum,Malconcecho,20,A40,4,0,23
Centaurium somedanum,Malconcecho,20,A40,5,0,23
Centaurium somedanum,Malconcecho,20,A40,6,3,23
Centaurium somedanum,Malconcecho,20,A40,7,6,23
Centaurium somedanum,Malconcecho,20,A40,8,2,23
Centaurium somedanum,Malconcecho,20,A40,9,0,23
Centaurium somedanum,Malconcecho,20,A40,10,0,23
Centaurium somedanum,Malconcecho,20,A40,11,2,23
Centaurium somedanum,Malconcecho,20,A40,12,1,23
Centaurium somedanum,Malconcecho,20,A40,13,1,23
Centaurium somedanum,Malconcecho,20,A40,14,0,23
Centaurium somedanum,Malconcecho,20,A40,15,1,23
Centaurium somedanum,Malconcecho,20,A40,16,1,23
Centaurium somedanum,Malconcecho,20,A40,17,1,23
Centaurium somedanum,Malconcecho,20,A40,18,2,23
Centaurium somedanum,Malconcecho,20,A40,19,0,23
Centaurium somedanum,Malconcecho,20,A40,20,0,23
Centaurium somedanum,Malconcecho,20,A40,21,0,23
Centaurium somedanum,Malconcecho,20,A40,22,1,23
Centaurium somedanum,Malconcecho,20,A40,23,0,23
Centaurium somedanum,Malconcecho,20,A40,24,0,23
Centaurium somedanum,Malconcecho,20,A40,25,0,23
Centaurium somedanum,Malconcecho,20,A40,26,1,23
Centaurium somedanum,Malconcecho,20,A40,27,0,23
Centaurium somedanum,Malconcecho,20,A40,28,0,23
Centaurium somedanum,Malconcecho,18.6,A41,1,0,25
Centaurium somedanum,Malconcecho,18.6,A41,2,0,25
Centaurium somedanum,Malconcecho,18.6,A41,3,0,25
Centaurium somedanum,Malconcecho,18.6,A41,4,0,25
Centaurium somedanum,Malconcecho,18.6,A41,5,0,25
Centaurium somedanum,Malconcecho,18.6,A41,6,1,25
Centaurium somedanum,Malconcecho,18.6,A41,7,13,25
Centaurium somedanum,Malconcecho,18.6,A41,8,2,25
Centaurium somedanum,Malconcecho,18.6,A41,9,0,25
Centaurium somedanum,Malconcecho,18.6,A41,10,1,25
Centaurium somedanum,Malconcecho,18.6,A41,11,1,25
Centaurium somedanum,Malconcecho,18.6,A41,12,0,25
Centaurium somedanum,Malconcecho,18.6,A41,13,3,25
Centaurium somedanum,Malconcecho,18.6,A41,14,0,25
Centaurium somedanum,Malconcecho,18.6,A41,15,0,25
Centaurium somedanum,Malconcecho,18.6,A41,16,0,25
Centaurium somedanum,Malconcecho,18.6,A41,17,1,25
Centaurium somedanum,Malconcecho,18.6,A41,18,0,25
Centaurium somedanum,Malconcecho,18.6,A41,19,0,25
Centaurium somedanum,Malconcecho,18.6,A41,20,1,25
Centaurium somedanum,Malconcecho,18.6,A41,21,1,25
Centaurium somedanum,Malconcecho,18.6,A41,22,0,25
Centaurium somedanum,Malconcecho,18.6,A41,23,0,25
Centaurium somedanum,Malconcecho,18.6,A41,24,0,25
Centaurium somedanum,Malconcecho,18.6,A41,25,0,25
Centaurium somedanum,Malconcecho,18.6,A41,26,0,25
Centaurium somedanum,Malconcecho,18.6,A41,27,1,25
Centaurium somedanum,Malconcecho,18.6,A41,28,0,25
Centaurium somedanum,Malconcecho,17.2,A42,1,0,25
Centaurium somedanum,Malconcecho,17.2,A42,2,0,25
Centaurium somedanum,Malconcecho,17.2,A42,3,0,25
Centaurium somedanum,Malconcecho,17.2,A42,4,0,25
Centaurium somedanum,Malconcecho,17.2,A42,5,0,25
Centaurium somedanum,Malconcecho,17.2,A42,6,0,25
Centaurium somedanum,Malconcecho,17.2,A42,7,12,25
Centaurium somedanum,Malconcecho,17.2,A42,8,0,25
Centaurium somedanum,Malconcecho,17.2,A42,9,4,25
Centaurium somedanum,Malconcecho,17.2,A42,10,5,25
Centaurium somedanum,Malconcecho,17.2,A42,11,0,25
Centaurium somedanum,Malconcecho,17.2,A42,12,2,25
Centaurium somedanum,Malconcecho,17.2,A42,13,0,25
Centaurium somedanum,Malconcecho,17.2,A42,14,0,25
Centaurium somedanum,Malconcecho,17.2,A42,15,2,25
Centaurium somedanum,Malconcecho,17.2,A42,16,0,25
Centaurium somedanum,Malconcecho,17.2,A42,17,0,25
Centaurium somedanum,Malconcecho,17.2,A42,18,0,25
Centaurium somedanum,Malconcecho,17.2,A42,19,0,25
Centaurium somedanum,Malconcecho,17.2,A42,20,0,25
Centaurium somedanum,Malconcecho,17.2,A42,21,0,25
Centaurium somedanum,Malconcecho,17.2,A42,22,0,25
Centaurium somedanum,Malconcecho,17.2,A42,23,0,25
Centaurium somedanum,Malconcecho,17.2,A42,24,0,25
Centaurium somedanum,Malconcecho,17.2,A42,25,0,25
Centaurium somedanum,Malconcecho,17.2,A42,26,0,25
Centaurium somedanum,Malconcecho,17.2,A42,27,0,25
Centaurium somedanum,Malconcecho,17.2,A42,28,0,25
Centaurium somedanum,Malconcecho,15.8,A43,1,0,24
Centaurium somedanum,Malconcecho,15.8,A43,2,0,24
Centaurium somedanum,Malconcecho,15.8,A43,3,0,24
Centaurium somedanum,Malconcecho,15.8,A43,4,0,24
Centaurium somedanum,Malconcecho,15.8,A43,5,0,24
Centaurium somedanum,Malconcecho,15.8,A43,6,0,24
Centaurium somedanum,Malconcecho,15.8,A43,7,4,24
Centaurium somedanum,Malconcecho,15.8,A43,8,6,24
Centaurium somedanum,Malconcecho,15.8,A43,9,8,24
Centaurium somedanum,Malconcecho,15.8,A43,10,0,24
Centaurium somedanum,Malconcecho,15.8,A43,11,2,24
Centaurium somedanum,Malconcecho,15.8,A43,12,0,24
Centaurium somedanum,Malconcecho,15.8,A43,13,1,24
Centaurium somedanum,Malconcecho,15.8,A43,14,0,24
Centaurium somedanum,Malconcecho,15.8,A43,15,0,24
Centaurium somedanum,Malconcecho,15.8,A43,16,0,24
Centaurium somedanum,Malconcecho,15.8,A43,17,0,24
Centaurium somedanum,Malconcecho,15.8,A43,18,0,24
Centaurium somedanum,Malconcecho,15.8,A43,19,0,24
Centaurium somedanum,Malconcecho,15.8,A43,20,1,24
Centaurium somedanum,Malconcecho,15.8,A43,21,0,24
Centaurium somedanum,Malconcecho,15.8,A43,22,0,24
Centaurium somedanum,Malconcecho,15.8,A43,23,0,24
Centaurium somedanum,Malconcecho,15.8,A43,24,0,24
Centaurium somedanum,Malconcecho,15.8,A43,25,0,24
Centaurium somedanum,Malconcecho,15.8,A43,26,0,24
Centaurium somedanum,Malconcecho,15.8,A43,27,0,24
Centaurium somedanum,Malconcecho,15.8,A43,28,0,24
Centaurium somedanum,Malconcecho,14.3,A44,1,0,25
Centaurium somedanum,Malconcecho,14.3,A44,2,0,25
Centaurium somedanum,Malconcecho,14.3,A44,3,0,25
Centaurium somedanum,Malconcecho,14.3,A44,4,0,25
Centaurium somedanum,Malconcecho,14.3,A44,5,0,25
Centaurium somedanum,Malconcecho,14.3,A44,6,0,25
Centaurium somedanum,Malconcecho,14.3,A44,7,0,25
Centaurium somedanum,Malconcecho,14.3,A44,8,10,25
Centaurium somedanum,Malconcecho,14.3,A44,9,2,25
Centaurium somedanum,Malconcecho,14.3,A44,10,8,25
Centaurium somedanum,Malconcecho,14.3,A44,11,0,25
Centaurium somedanum,Malconcecho,14.3,A44,12,1,25
Centaurium somedanum,Malconcecho,14.3,A44,13,2,25
Centaurium somedanum,Malconcecho,14.3,A44,14,0,25
Centaurium somedanum,Malconcecho,14.3,A44,15,0,25
Centaurium somedanum,Malconcecho,14.3,A44,16,0,25
Centaurium somedanum,Malconcecho,14.3,A44,17,0,25
Centaurium somedanum,Malconcecho,14.3,A44,18,0,25
Centaurium somedanum,Malconcecho,14.3,A44,19,0,25
Centaurium somedanum,Malconcecho,14.3,A44,20,0,25
Centaurium somedanum,Malconcecho,14.3,A44,21,0,25
Centaurium somedanum,Malconcecho,14.3,A44,22,0,25
Centaurium somedanum,Malconcecho,14.3,A44,23,0,25
Centaurium somedanum,Malconcecho,14.3,A44,24,1,25
Centaurium somedanum,Malconcecho,14.3,A44,25,0,25
Centaurium somedanum,Malconcecho,14.3,A44,26,0,25
Centaurium somedanum,Malconcecho,14.3,A44,27,0,25
Centaurium somedanum,Malconcecho,14.3,A44,28,0,25
Centaurium somedanum,Malconcecho,12.9,A45,1,0,24
Centaurium somedanum,Malconcecho,12.9,A45,2,0,24
Centaurium somedanum,Malconcecho,12.9,A45,3,0,24
Centaurium somedanum,Malconcecho,12.9,A45,4,0,24
Centaurium somedanum,Malconcecho,12.9,A45,5,0,24
Centaurium somedanum,Malconcecho,12.9,A45,6,0,24
Centaurium somedanum,Malconcecho,12.9,A45,7,0,24
Centaurium somedanum,Malconcecho,12.9,A45,8,0,24
Centaurium somedanum,Malconcecho,12.9,A45,9,5,24
Centaurium somedanum,Malconcecho,12.9,A45,10,8,24
Centaurium somedanum,Malconcecho,12.9,A45,11,0,24
Centaurium somedanum,Malconcecho,12.9,A45,12,0,24
Centaurium somedanum,Malconcecho,12.9,A45,13,7,24
Centaurium somedanum,Malconcecho,12.9,A45,14,1,24
Centaurium somedanum,Malconcecho,12.9,A45,15,0,24
Centaurium somedanum,Malconcecho,12.9,A45,16,0,24
Centaurium somedanum,Malconcecho,12.9,A45,17,0,24
Centaurium somedanum,Malconcecho,12.9,A45,18,0,24
Centaurium somedanum,Malconcecho,12.9,A45,19,0,24
Centaurium somedanum,Malconcecho,12.9,A45,20,0,24
Centaurium somedanum,Malconcecho,12.9,A45,21,0,24
Centaurium somedanum,Malconcecho,12.9,A45,22,0,24
Centaurium somedanum,Malconcecho,12.9,A45,23,0,24
Centaurium somedanum,Malconcecho,12.9,A45,24,2,24
Centaurium somedanum,Malconcecho,12.9,A45,25,0,24
Centaurium somedanum,Malconcecho,12.9,A45,26,0,24
Centaurium somedanum,Malconcecho,12.9,A45,27,0,24
Centaurium somedanum,Malconcecho,12.9,A45,28,0,24
Centaurium somedanum,Malconcecho,11.5,A46,1,0,25
Centaurium somedanum,Malconcecho,11.5,A46,2,0,25
Centaurium somedanum,Malconcecho,11.5,A46,3,0,25
Centaurium somedanum,Malconcecho,11.5,A46,4,0,25
Centaurium somedanum,Malconcecho,11.5,A46,5,0,25
Centaurium somedanum,Malconcecho,11.5,A46,6,0,25
Centaurium somedanum,Malconcecho,11.5,A46,7,0,25
Centaurium somedanum,Malconcecho,11.5,A46,8,0,25
Centaurium somedanum,Malconcecho,11.5,A46,9,0,25
Centaurium somedanum,Malconcecho,11.5,A46,10,0,25
Centaurium somedanum,Malconcecho,11.5,A46,11,0,25
Centaurium somedanum,Malconcecho,11.5,A46,12,0,25
Centaurium somedanum,Malconcecho,11.5,A46,13,19,25
Centaurium somedanum,Malconcecho,11.5,A46,14,2,25
Centaurium somedanum,Malconcecho,11.5,A46,15,1,25
Centaurium somedanum,Malconcecho,11.5,A46,16,1,25
Centaurium somedanum,Malconcecho,11.5,A46,17,0,25
Centaurium somedanum,Malconcecho,11.5,A46,18,0,25
Centaurium somedanum,Malconcecho,11.5,A46,19,0,25
Centaurium somedanum,Malconcecho,11.5,A46,20,1,25
Centaurium somedanum,Malconcecho,11.5,A46,21,0,25
Centaurium somedanum,Malconcecho,11.5,A46,22,0,25
Centaurium somedanum,Malconcecho,11.5,A46,23,0,25
Centaurium somedanum,Malconcecho,11.5,A46,24,1,25
Centaurium somedanum,Malconcecho,11.5,A46,25,0,25
Centaurium somedanum,Malconcecho,11.5,A46,26,0,25
Centaurium somedanum,Malconcecho,11.5,A46,27,0,25
Centaurium somedanum,Malconcecho,11.5,A46,28,0,25
Centaurium somedanum,Malconcecho,10.1,A47,1,0,23
Centaurium somedanum,Malconcecho,10.1,A47,2,0,23
Centaurium somedanum,Malconcecho,10.1,A47,3,0,23
Centaurium somedanum,Malconcecho,10.1,A47,4,0,23
Centaurium somedanum,Malconcecho,10.1,A47,5,0,23
Centaurium somedanum,Malconcecho,10.1,A47,6,0,23
Centaurium somedanum,Malconcecho,10.1,A47,7,0,23
Centaurium somedanum,Malconcecho,10.1,A47,8,0,23
Centaurium somedanum,Malconcecho,10.1,A47,9,0,23
Centaurium somedanum,Malconcecho,10.1,A47,10,0,23
Centaurium somedanum,Malconcecho,10.1,A47,11,0,23
Centaurium somedanum,Malconcecho,10.1,A47,12,0,23
Centaurium somedanum,Malconcecho,10.1,A47,13,0,23
Centaurium somedanum,Malconcecho,10.1,A47,14,5,23
Centaurium somedanum,Malconcecho,10.1,A47,15,8,23
Centaurium somedanum,Malconcecho,10.1,A47,16,0,23
Centaurium somedanum,Malconcecho,10.1,A47,17,6,23
Centaurium somedanum,Malconcecho,10.1,A47,18,0,23
Centaurium somedanum,Malconcecho,10.1,A47,19,0,23
Centaurium somedanum,Malconcecho,10.1,A47,20,0,23
Centaurium somedanum,Malconcecho,10.1,A47,21,0,23
Centaurium somedanum,Malconcecho,10.1,A47,22,0,23
Centaurium somedanum,Malconcecho,10.1,A47,23,0,23
Centaurium somedanum,Malconcecho,10.1,A47,24,0,23
Centaurium somedanum,Malconcecho,10.1,A47,25,0,23
Centaurium somedanum,Malconcecho,10.1,A47,26,0,23
Centaurium somedanum,Malconcecho,10.1,A47,27,0,23
Centaurium somedanum,Malconcecho,10.1,A47,28,0,23
Centaurium somedanum,Malconcecho,8.7,A48,1,0,25
Centaurium somedanum,Malconcecho,8.7,A48,2,0,25
Centaurium somedanum,Malconcecho,8.7,A48,3,0,25
Centaurium somedanum,Malconcecho,8.7,A48,4,0,25
Centaurium somedanum,Malconcecho,8.7,A48,5,0,25
Centaurium somedanum,Malconcecho,8.7,A48,6,0,25
Centaurium somedanum,Malconcecho,8.7,A48,7,0,25
Centaurium somedanum,Malconcecho,8.7,A48,8,0,25
Centaurium somedanum,Malconcecho,8.7,A48,9,0,25
Centaurium somedanum,Malconcecho,8.7,A48,10,0,25
Centaurium somedanum,Malconcecho,8.7,A48,11,0,25
Centaurium somedanum,Malconcecho,8.7,A48,12,0,25
Centaurium somedanum,Malconcecho,8.7,A48,13,0,25
Centaurium somedanum,Malconcecho,8.7,A48,14,0,25
Centaurium somedanum,Malconcecho,8.7,A48,15,0,25
Centaurium somedanum,Malconcecho,8.7,A48,16,0,25
Centaurium somedanum,Malconcecho,8.7,A48,17,0,25
Centaurium somedanum,Malconcecho,8.7,A48,18,0,25
Centaurium somedanum,Malconcecho,8.7,A48,19,0,25
Centaurium somedanum,Malconcecho,8.7,A48,20,13,25
Centaurium somedanum,Malconcecho,8.7,A48,21,4,25
Centaurium somedanum,Malconcecho,8.7,A48,22,0,25
Centaurium somedanum,Malconcecho,8.7,A48,23,0,25
Centaurium somedanum,Malconcecho,8.7,A48,24,6,25
Centaurium somedanum,Malconcecho,8.7,A48,25,0,25
Centaurium somedanum,Malconcecho,8.7,A48,26,0,25
Centaurium somedanum,Malconcecho,8.7,A48,27,0,25
Centaurium somedanum,Malconcecho,8.7,A48,28,0,25
Centaurium somedanum,Malconcecho,7.3,A49,1,0,24
Centaurium somedanum,Malconcecho,7.3,A49,2,0,24
Centaurium somedanum,Malconcecho,7.3,A49,3,0,24
Centaurium somedanum,Malconcecho,7.3,A49,4,0,24
Centaurium somedanum,Malconcecho,7.3,A49,5,0,24
Centaurium somedanum,Malconcecho,7.3,A49,6,0,24
Centaurium somedanum,Malconcecho,7.3,A49,7,0,24
Centaurium somedanum,Malconcecho,7.3,A49,8,0,24
Centaurium somedanum,Malconcecho,7.3,A49,9,0,24
Centaurium somedanum,Malconcecho,7.3,A49,10,0,24
Centaurium somedanum,Malconcecho,7.3,A49,11,0,24
Centaurium somedanum,Malconcecho,7.3,A49,12,0,24
Centaurium somedanum,Malconcecho,7.3,A49,13,0,24
Centaurium somedanum,Malconcecho,7.3,A49,14,0,24
Centaurium somedanum,Malconcecho,7.3,A49,15,0,24
Centaurium somedanum,Malconcecho,7.3,A49,16,0,24
Centaurium somedanum,Malconcecho,7.3,A49,17,0,24
Centaurium somedanum,Malconcecho,7.3,A49,18,0,24
Centaurium somedanum,Malconcecho,7.3,A49,19,0,24
Centaurium somedanum,Malconcecho,7.3,A49,20,0,24
Centaurium somedanum,Malconcecho,7.3,A49,21,0,24
Centaurium somedanum,Malconcecho,7.3,A49,22,0,24
Centaurium somedanum,Malconcecho,7.3,A49,23,0,24
Centaurium somedanum,Malconcecho,7.3,A49,24,0,24
Centaurium somedanum,Malconcecho,7.3,A49,25,0,24
Centaurium somedanum,Malconcecho,7.3,A49,26,0,24
Centaurium somedanum,Malconcecho,7.3,A49,27,0,24
Centaurium somedanum,Malconcecho,7.3,A49,28,11,24
Centaurium somedanum,La Malva,14.3,A5,1,0,24
Centaurium somedanum,La Malva,14.3,A5,2,0,24
Centaurium somedanum,La Malva,14.3,A5,3,0,24
Centaurium somedanum,La Malva,14.3,A5,4,0,24
Centaurium somedanum,La Malva,14.3,A5,5,0,24
Centaurium somedanum,La Malva,14.3,A5,6,0,24
Centaurium somedanum,La Malva,14.3,A5,7,0,24
Centaurium somedanum,La Malva,14.3,A5,8,4,24
Centaurium somedanum,La Malva,14.3,A5,9,2,24
Centaurium somedanum,La Malva,14.3,A5,10,7,24
Centaurium somedanum,La Malva,14.3,A5,11,7,24
Centaurium somedanum,La Malva,14.3,A5,12,1,24
Centaurium somedanum,La Malva,14.3,A5,13,2,24
Centaurium somedanum,La Malva,14.3,A5,14,1,24
Centaurium somedanum,La Malva,14.3,A5,15,0,24
Centaurium somedanum,La Malva,14.3,A5,16,0,24
Centaurium somedanum,La Malva,14.3,A5,17,0,24
Centaurium somedanum,La Malva,14.3,A5,18,0,24
Centaurium somedanum,La Malva,14.3,A5,19,0,24
Centaurium somedanum,La Malva,14.3,A5,20,0,24
Centaurium somedanum,La Malva,14.3,A5,21,0,24
Centaurium somedanum,La Malva,14.3,A5,22,0,24
Centaurium somedanum,La Malva,14.3,A5,23,0,24
Centaurium somedanum,La Malva,14.3,A5,24,0,24
Centaurium somedanum,La Malva,14.3,A5,25,0,24
Centaurium somedanum,La Malva,14.3,A5,26,0,24
Centaurium somedanum,La Malva,14.3,A5,27,0,24
Centaurium somedanum,La Malva,14.3,A5,28,0,24
Centaurium somedanum,Malconcecho,5.8,A50,1,0,24
Centaurium somedanum,Malconcecho,5.8,A50,2,0,24
Centaurium somedanum,Malconcecho,5.8,A50,3,0,24
Centaurium somedanum,Malconcecho,5.8,A50,4,0,24
Centaurium somedanum,Malconcecho,5.8,A50,5,0,24
Centaurium somedanum,Malconcecho,5.8,A50,6,0,24
Centaurium somedanum,Malconcecho,5.8,A50,7,0,24
Centaurium somedanum,Malconcecho,5.8,A50,8,0,24
Centaurium somedanum,Malconcecho,5.8,A50,9,0,24
Centaurium somedanum,Malconcecho,5.8,A50,10,0,24
Centaurium somedanum,Malconcecho,5.8,A50,11,0,24
Centaurium somedanum,Malconcecho,5.8,A50,12,0,24
Centaurium somedanum,Malconcecho,5.8,A50,13,0,24
Centaurium somedanum,Malconcecho,5.8,A50,14,0,24
Centaurium somedanum,Malconcecho,5.8,A50,15,0,24
Centaurium somedanum,Malconcecho,5.8,A50,16,0,24
Centaurium somedanum,Malconcecho,5.8,A50,17,0,24
Centaurium somedanum,Malconcecho,5.8,A50,18,0,24
Centaurium somedanum,Malconcecho,5.8,A50,19,0,24
Centaurium somedanum,Malconcecho,5.8,A50,20,0,24
Centaurium somedanum,Malconcecho,5.8,A50,21,0,24
Centaurium somedanum,Malconcecho,5.8,A50,22,0,24
Centaurium somedanum,Malconcecho,5.8,A50,23,0,24
Centaurium somedanum,Malconcecho,5.8,A50,24,0,24
Centaurium somedanum,Malconcecho,5.8,A50,25,0,24
Centaurium somedanum,Malconcecho,5.8,A50,26,0,24
Centaurium somedanum,Malconcecho,5.8,A50,27,0,24
Centaurium somedanum,Malconcecho,5.8,A50,28,0,24
Centaurium somedanum,Malconcecho,4.4,A51,1,0,21
Centaurium somedanum,Malconcecho,4.4,A51,2,0,21
Centaurium somedanum,Malconcecho,4.4,A51,3,0,21
Centaurium somedanum,Malconcecho,4.4,A51,4,0,21
Centaurium somedanum,Malconcecho,4.4,A51,5,0,21
Centaurium somedanum,Malconcecho,4.4,A51,6,0,21
Centaurium somedanum,Malconcecho,4.4,A51,7,0,21
Centaurium somedanum,Malconcecho,4.4,A51,8,0,21
Centaurium somedanum,Malconcecho,4.4,A51,9,0,21
Centaurium somedanum,Malconcecho,4.4,A51,10,0,21
Centaurium somedanum,Malconcecho,4.4,A51,11,0,21
Centaurium somedanum,Malconcecho,4.4,A51,12,0,21
Centaurium somedanum,Malconcecho,4.4,A51,13,0,21
Centaurium somedanum,Malconcecho,4.4,A51,14,0,21
Centaurium somedanum,Malconcecho,4.4,A51,15,0,21
Centaurium somedanum,Malconcecho,4.4,A51,16,0,21
Centaurium somedanum,Malconcecho,4.4,A51,17,0,21
Centaurium somedanum,Malconcecho,4.4,A51,18,0,21
Centaurium somedanum,Malconcecho,4.4,A51,19,0,21
Centaurium somedanum,Malconcecho,4.4,A51,20,0,21
Centaurium somedanum,Malconcecho,4.4,A51,21,0,21
Centaurium somedanum,Malconcecho,4.4,A51,22,0,21
Centaurium somedanum,Malconcecho,4.4,A51,23,0,21
Centaurium somedanum,Malconcecho,4.4,A51,24,0,21
Centaurium somedanum,Malconcecho,4.4,A51,25,0,21
Centaurium somedanum,Malconcecho,4.4,A51,26,0,21
Centaurium somedanum,Malconcecho,4.4,A51,27,0,21
Centaurium somedanum,Malconcecho,4.4,A51,28,0,21
Centaurium somedanum,Malconcecho,3,A52,1,0,23
Centaurium somedanum,Malconcecho,3,A52,2,0,23
Centaurium somedanum,Malconcecho,3,A52,3,0,23
Centaurium somedanum,Malconcecho,3,A52,4,0,23
Centaurium somedanum,Malconcecho,3,A52,5,0,23
Centaurium somedanum,Malconcecho,3,A52,6,0,23
Centaurium somedanum,Malconcecho,3,A52,7,0,23
Centaurium somedanum,Malconcecho,3,A52,8,0,23
Centaurium somedanum,Malconcecho,3,A52,9,0,23
Centaurium somedanum,Malconcecho,3,A52,10,0,23
Centaurium somedanum,Malconcecho,3,A52,11,0,23
Centaurium somedanum,Malconcecho,3,A52,12,0,23
Centaurium somedanum,Malconcecho,3,A52,13,0,23
Centaurium somedanum,Malconcecho,3,A52,14,0,23
Centaurium somedanum,Malconcecho,3,A52,15,0,23
Centaurium somedanum,Malconcecho,3,A52,16,0,23
Centaurium somedanum,Malconcecho,3,A52,17,0,23
Centaurium somedanum,Malconcecho,3,A52,18,0,23
Centaurium somedanum,Malconcecho,3,A52,19,0,23
Centaurium somedanum,Malconcecho,3,A52,20,0,23
Centaurium somedanum,Malconcecho,3,A52,21,0,23
Centaurium somedanum,Malconcecho,3,A52,22,0,23
Centaurium somedanum,Malconcecho,3,A52,23,0,23
Centaurium somedanum,Malconcecho,3,A52,24,0,23
Centaurium somedanum,Malconcecho,3,A52,25,0,23
Centaurium somedanum,Malconcecho,3,A52,26,0,23
Centaurium somedanum,Malconcecho,3,A52,27,0,23
Centaurium somedanum,Malconcecho,3,A52,28,0,23
Centaurium somedanum,La Malva,12.9,A6,1,0,22
Centaurium somedanum,La Malva,12.9,A6,2,0,22
Centaurium somedanum,La Malva,12.9,A6,3,0,22
Centaurium somedanum,La Malva,12.9,A6,4,0,22
Centaurium somedanum,La Malva,12.9,A6,5,0,22
Centaurium somedanum,La Malva,12.9,A6,6,0,22
Centaurium somedanum,La Malva,12.9,A6,7,0,22
Centaurium somedanum,La Malva,12.9,A6,8,0,22
Centaurium somedanum,La Malva,12.9,A6,9,0,22
Centaurium somedanum,La Malva,12.9,A6,10,4,22
Centaurium somedanum,La Malva,12.9,A6,11,0,22
Centaurium somedanum,La Malva,12.9,A6,12,0,22
Centaurium somedanum,La Malva,12.9,A6,13,10,22
Centaurium somedanum,La Malva,12.9,A6,14,4,22
Centaurium somedanum,La Malva,12.9,A6,15,2,22
Centaurium somedanum,La Malva,12.9,A6,16,0,22
Centaurium somedanum,La Malva,12.9,A6,17,0,22
Centaurium somedanum,La Malva,12.9,A6,18,0,22
Centaurium somedanum,La Malva,12.9,A6,19,0,22
Centaurium somedanum,La Malva,12.9,A6,20,0,22
Centaurium somedanum,La Malva,12.9,A6,21,0,22
Centaurium somedanum,La Malva,12.9,A6,22,0,22
Centaurium somedanum,La Malva,12.9,A6,23,0,22
Centaurium somedanum,La Malva,12.9,A6,24,0,22
Centaurium somedanum,La Malva,12.9,A6,25,0,22
Centaurium somedanum,La Malva,12.9,A6,26,0,22
Centaurium somedanum,La Malva,12.9,A6,27,0,22
Centaurium somedanum,La Malva,12.9,A6,28,0,22
Centaurium somedanum,La Malva,11.5,A7,1,0,23
Centaurium somedanum,La Malva,11.5,A7,2,0,23
Centaurium somedanum,La Malva,11.5,A7,3,0,23
Centaurium somedanum,La Malva,11.5,A7,4,0,23
Centaurium somedanum,La Malva,11.5,A7,5,0,23
Centaurium somedanum,La Malva,11.5,A7,6,0,23
Centaurium somedanum,La Malva,11.5,A7,7,0,23
Centaurium somedanum,La Malva,11.5,A7,8,0,23
Centaurium somedanum,La Malva,11.5,A7,9,0,23
Centaurium somedanum,La Malva,11.5,A7,10,0,23
Centaurium somedanum,La Malva,11.5,A7,11,0,23
Centaurium somedanum,La Malva,11.5,A7,12,0,23
Centaurium somedanum,La Malva,11.5,A7,13,0,23
Centaurium somedanum,La Malva,11.5,A7,14,14,23
Centaurium somedanum,La Malva,11.5,A7,15,3,23
Centaurium somedanum,La Malva,11.5,A7,16,0,23
Centaurium somedanum,La Malva,11.5,A7,17,1,23
Centaurium somedanum,La Malva,11.5,A7,18,0,23
Centaurium somedanum,La Malva,11.5,A7,19,1,23
Centaurium somedanum,La Malva,11.5,A7,20,0,23
Centaurium somedanum,La Malva,11.5,A7,21,1,23
Centaurium somedanum,La Malva,11.5,A7,22,0,23
Centaurium somedanum,La Malva,11.5,A7,23,1,23
Centaurium somedanum,La Malva,11.5,A7,24,0,23
Centaurium somedanum,La Malva,11.5,A7,25,0,23
Centaurium somedanum,La Malva,11.5,A7,26,0,23
Centaurium somedanum,La Malva,11.5,A7,27,0,23
Centaurium somedanum,La Malva,11.5,A7,28,0,23
Centaurium somedanum,La Malva,10.1,A8,1,0,22
Centaurium somedanum,La Malva,10.1,A8,2,0,22
Centaurium somedanum,La Malva,10.1,A8,3,0,22
Centaurium somedanum,La Malva,10.1,A8,4,0,22
Centaurium somedanum,La Malva,10.1,A8,5,0,22
Centaurium somedanum,La Malva,10.1,A8,6,0,22
Centaurium somedanum,La Malva,10.1,A8,7,0,22
Centaurium somedanum,La Malva,10.1,A8,8,0,22
Centaurium somedanum,La Malva,10.1,A8,9,0,22
Centaurium somedanum,La Malva,10.1,A8,10,0,22
Centaurium somedanum,La Malva,10.1,A8,11,0,22
Centaurium somedanum,La Malva,10.1,A8,12,0,22
Centaurium somedanum,La Malva,10.1,A8,13,0,22
Centaurium somedanum,La Malva,10.1,A8,14,1,22
Centaurium somedanum,La Malva,10.1,A8,15,3,22
Centaurium somedanum,La Malva,10.1,A8,16,6,22
Centaurium somedanum,La Malva,10.1,A8,17,0,22
Centaurium somedanum,La Malva,10.1,A8,18,5,22
Centaurium somedanum,La Malva,10.1,A8,19,0,22
Centaurium somedanum,La Malva,10.1,A8,20,0,22
Centaurium somedanum,La Malva,10.1,A8,21,6,22
Centaurium somedanum,La Malva,10.1,A8,22,0,22
Centaurium somedanum,La Malva,10.1,A8,23,0,22
Centaurium somedanum,La Malva,10.1,A8,24,0,22
Centaurium somedanum,La Malva,10.1,A8,25,0,22
Centaurium somedanum,La Malva,10.1,A8,26,0,22
Centaurium somedanum,La Malva,10.1,A8,27,0,22
Centaurium somedanum,La Malva,10.1,A8,28,0,22
Centaurium somedanum,La Malva,8.7,A9,1,0,23
Centaurium somedanum,La Malva,8.7,A9,2,0,23
Centaurium somedanum,La Malva,8.7,A9,3,0,23
Centaurium somedanum,La Malva,8.7,A9,4,0,23
Centaurium somedanum,La Malva,8.7,A9,5,0,23
Centaurium somedanum,La Malva,8.7,A9,6,0,23
Centaurium somedanum,La Malva,8.7,A9,7,0,23
Centaurium somedanum,La Malva,8.7,A9,8,0,23
Centaurium somedanum,La Malva,8.7,A9,9,0,23
Centaurium somedanum,La Malva,8.7,A9,10,0,23
Centaurium somedanum,La Malva,8.7,A9,11,0,23
Centaurium somedanum,La Malva,8.7,A9,12,0,23
Centaurium somedanum,La Malva,8.7,A9,13,0,23
Centaurium somedanum,La Malva,8.7,A9,14,0,23
Centaurium somedanum,La Malva,8.7,A9,15,0,23
Centaurium somedanum,La Malva,8.7,A9,16,0,23
Centaurium somedanum,La Malva,8.7,A9,17,0,23
Centaurium somedanum,La Malva,8.7,A9,18,0,23
Centaurium somedanum,La Malva,8.7,A9,19,0,23
Centaurium somedanum,La Malva,8.7,A9,20,0,23
Centaurium somedanum,La Malva,8.7,A9,21,11,23
Centaurium somedanum,La Malva,8.7,A9,22,0,23
Centaurium somedanum,La Malva,8.7,A9,23,0,23
Centaurium somedanum,La Malva,8.7,A9,24,0,23
Centaurium somedanum,La Malva,8.7,A9,25,0,23
Centaurium somedanum,La Malva,8.7,A9,26,0,23
Centaurium somedanum,La Malva,8.7,A9,27,0,23
Centaurium somedanum,La Malva,8.7,A9,28,0,23
Centaurium somedanum,La Malva,0,C1,1,0,25
Centaurium somedanum,La Malva,0,C1,2,0,25
Centaurium somedanum,La Malva,0,C1,3,0,25
Centaurium somedanum,La Malva,0,C1,4,0,25
Centaurium somedanum,La Malva,0,C1,5,0,25
Centaurium somedanum,La Malva,0,C1,6,0,25
Centaurium somedanum,La Malva,0,C1,7,0,25
Centaurium somedanum,La Malva,0,C1,8,0,25
Centaurium somedanum,La Malva,0,C1,9,0,25
Centaurium somedanum,La Malva,0,C1,10,0,25
Centaurium somedanum,La Malva,0,C1,11,0,25
Centaurium somedanum,La Malva,0,C1,12,0,25
Centaurium somedanum,La Malva,0,C1,13,0,25
Centaurium somedanum,La Malva,0,C1,14,0,25
Centaurium somedanum,La Malva,0,C1,15,0,25
Centaurium somedanum,La Malva,0,C1,16,0,25
Centaurium somedanum,La Malva,0,C1,17,0,25
Centaurium somedanum,La Malva,0,C1,18,0,25
Centaurium somedanum,La Malva,0,C1,19,0,25
Centaurium somedanum,La Malva,0,C1,20,0,25
Centaurium somedanum,La Malva,0,C1,21,0,25
Centaurium somedanum,La Malva,0,C1,22,0,25
Centaurium somedanum,La Malva,0,C1,23,0,25
Centaurium somedanum,La Malva,0,C1,24,0,25
Centaurium somedanum,La Malva,0,C1,25,0,25
Centaurium somedanum,La Malva,0,C1,26,0,25
Centaurium somedanum,La Malva,0,C1,27,0,25
Centaurium somedanum,La Malva,0,C1,28,0,25
Centaurium somedanum,Malconcecho,0,C4,1,0,21
Centaurium somedanum,Malconcecho,0,C4,2,0,21
Centaurium somedanum,Malconcecho,0,C4,3,0,21
Centaurium somedanum,Malconcecho,0,C4,4,0,21
Centaurium somedanum,Malconcecho,0,C4,5,0,21
Centaurium somedanum,Malconcecho,0,C4,6,0,21
Centaurium somedanum,Malconcecho,0,C4,7,0,21
Centaurium somedanum,Malconcecho,0,C4,8,0,21
Centaurium somedanum,Malconcecho,0,C4,9,0,21
Centaurium somedanum,Malconcecho,0,C4,10,0,21
Centaurium somedanum,Malconcecho,0,C4,11,0,21
Centaurium somedanum,Malconcecho,0,C4,12,0,21
Centaurium somedanum,Malconcecho,0,C4,13,0,21
Centaurium somedanum,Malconcecho,0,C4,14,0,21
Centaurium somedanum,Malconcecho,0,C4,15,0,21
Centaurium somedanum,Malconcecho,0,C4,16,0,21
Centaurium somedanum,Malconcecho,0,C4,17,0,21
Centaurium somedanum,Malconcecho,0,C4,18,0,21
Centaurium somedanum,Malconcecho,0,C4,19,0,21
Centaurium somedanum,Malconcecho,0,C4,20,0,21
Centaurium somedanum,Malconcecho,0,C4,21,0,21
Centaurium somedanum,Malconcecho,0,C4,22,0,21
Centaurium somedanum,Malconcecho,0,C4,23,0,21
Centaurium somedanum,Malconcecho,0,C4,24,0,21
Centaurium somedanum,Malconcecho,0,C4,25,0,21
Centaurium somedanum,Malconcecho,0,C4,26,0,21
Centaurium somedanum,Malconcecho,0,C4,27,0,21
Centaurium somedanum,Malconcecho,0,C4,28,0,21
Centaurium somedanum,La Malva,25,D1,1,0,20
Centaurium somedanum,La Malva,25,D1,2,0,20
Centaurium somedanum,La Malva,25,D1,3,0,20
Centaurium somedanum,La Malva,25,D1,4,0,20
Centaurium somedanum,La Malva,25,D1,5,1,20
Centaurium somedanum,La Malva,25,D1,6,0,20
Centaurium somedanum,La Malva,25,D1,7,3,20
Centaurium somedanum,La Malva,25,D1,8,0,20
Centaurium somedanum,La Malva,25,D1,9,0,20
Centaurium somedanum,La Malva,25,D1,10,0,20
Centaurium somedanum,La Malva,25,D1,11,0,20
Centaurium somedanum,La Malva,25,D1,12,2,20
Centaurium somedanum,La Malva,25,D1,13,0,20
Centaurium somedanum,La Malva,25,D1,14,0,20
Centaurium somedanum,La Malva,25,D1,15,0,20
Centaurium somedanum,La Malva,25,D1,16,0,20
Centaurium somedanum,La Malva,25,D1,17,0,20
Centaurium somedanum,La Malva,25,D1,18,0,20
Centaurium somedanum,La Malva,25,D1,19,0,20
Centaurium somedanum,La Malva,25,D1,20,0,20
Centaurium somedanum,La Malva,25,D1,21,0,20
Centaurium somedanum,La Malva,25,D1,22,0,20
Centaurium somedanum,La Malva,25,D1,23,0,20
Centaurium somedanum,La Malva,25,D1,24,0,20
Centaurium somedanum,La Malva,25,D1,25,0,20
Centaurium somedanum,La Malva,25,D1,26,0,20
Centaurium somedanum,La Malva,25,D1,27,0,20
Centaurium somedanum,La Malva,25,D1,28,0,20
Centaurium somedanum,Malconcecho,25,D4,1,0,22
Centaurium somedanum,Malconcecho,25,D4,2,0,22
Centaurium somedanum,Malconcecho,25,D4,3,0,22
Centaurium somedanum,Malconcecho,25,D4,4,0,22
Centaurium somedanum,Malconcecho,25,D4,5,1,22
Centaurium somedanum,Malconcecho,25,D4,6,0,22
Centaurium somedanum,Malconcecho,25,D4,7,2,22
Centaurium somedanum,Malconcecho,25,D4,8,0,22
Centaurium somedanum,Malconcecho,25,D4,9,0,22
Centaurium somedanum,Malconcecho,25,D4,10,1,22
Centaurium somedanum,Malconcecho,25,D4,11,0,22
Centaurium somedanum,Malconcecho,25,D4,12,0,22
Centaurium somedanum,Malconcecho,25,D4,13,0,22
Centaurium somedanum,Malconcecho,25,D4,14,0,22
Centaurium somedanum,Malconcecho,25,D4,15,0,22
Centaurium somedanum,Malconcecho,25,D4,16,0,22
Centaurium somedanum,Malconcecho,25,D4,17,0,22
Centaurium somedanum,Malconcecho,25,D4,18,0,22
Centaurium somedanum,Malconcecho,25,D4,19,0,22
Centaurium somedanum,Malconcecho,25,D4,20,0,22
Centaurium somedanum,Malconcecho,25,D4,21,0,22
Centaurium somedanum,Malconcecho,25,D4,22,0,22
Centaurium somedanum,Malconcecho,25,D4,23,0,22
Centaurium somedanum,Malconcecho,25,D4,24,0,22
Centaurium somedanum,Malconcecho,25,D4,25,0,22
Centaurium somedanum,Malconcecho,25,D4,26,0,22
Centaurium somedanum,Malconcecho,25,D4,27,0,22
Centaurium somedanum,Malconcecho,25,D4,28,0,22
Centaurium somedanum,La Malva,30,E1,1,0,22
Centaurium somedanum,La Malva,30,E1,2,0,22
Centaurium somedanum,La Malva,30,E1,3,0,22
Centaurium somedanum,La Malva,30,E1,4,0,22
Centaurium somedanum,La Malva,30,E1,5,0,22
Centaurium somedanum,La Malva,30,E1,6,0,22
Centaurium somedanum,La Malva,30,E1,7,0,22
Centaurium somedanum,La Malva,30,E1,8,0,22
Centaurium somedanum,La Malva,30,E1,9,0,22
Centaurium somedanum,La Malva,30,E1,10,0,22
Centaurium somedanum,La Malva,30,E1,11,0,22
Centaurium somedanum,La Malva,30,E1,12,0,22
Centaurium somedanum,La Malva,30,E1,13,0,22
Centaurium somedanum,La Malva,30,E1,14,0,22
Centaurium somedanum,La Malva,30,E1,15,0,22
Centaurium somedanum,La Malva,30,E1,16,0,22
Centaurium somedanum,La Malva,30,E1,17,0,22
Centaurium somedanum,La Malva,30,E1,18,0,22
Centaurium somedanum,La Malva,30,E1,19,0,22
Centaurium somedanum,La Malva,30,E1,20,0,22
Centaurium somedanum,La Malva,30,E1,21,0,22
Centaurium somedanum,La Malva,30,E1,22,0,22
Centaurium somedanum,La Malva,30,E1,23,0,22
Centaurium somedanum,La Malva,30,E1,24,0,22
Centaurium somedanum,La Malva,30,E1,25,0,22
Centaurium somedanum,La Malva,30,E1,26,0,22
Centaurium somedanum,La Malva,30,E1,27,0,22
Centaurium somedanum,La Malva,30,E1,28,0,22
Centaurium somedanum,Malconcecho,30,E4,1,0,25
Centaurium somedanum,Malconcecho,30,E4,2,0,25
Centaurium somedanum,Malconcecho,30,E4,3,0,25
Centaurium somedanum,Malconcecho,30,E4,4,0,25
Centaurium somedanum,Malconcecho,30,E4,5,0,25
Centaurium somedanum,Malconcecho,30,E4,6,0,25
Centaurium somedanum,Malconcecho,30,E4,7,0,25
Centaurium somedanum,Malconcecho,30,E4,8,0,25
Centaurium somedanum,Malconcecho,30,E4,9,0,25
Centaurium somedanum,Malconcecho,30,E4,10,0,25
Centaurium somedanum,Malconcecho,30,E4,11,0,25
Centaurium somedanum,Malconcecho,30,E4,12,0,25
Centaurium somedanum,Malconcecho,30,E4,13,0,25
Centaurium somedanum,Malconcecho,30,E4,14,0,25
Centaurium somedanum,Malconcecho,30,E4,15,0,25
Centaurium somedanum,Malconcecho,30,E4,16,0,25
Centaurium somedanum,Malconcecho,30,E4,17,0,25
Centaurium somedanum,Malconcecho,30,E4,18,0,25
Centaurium somedanum,Malconcecho,30,E4,19,0,25
Centaurium somedanum,Malconcecho,30,E4,20,0,25
Centaurium somedanum,Malconcecho,30,E4,21,0,25
Centaurium somedanum,Malconcecho,30,E4,22,0,25
Centaurium somedanum,Malconcecho,30,E4,23,0,25
Centaurium somedanum,Malconcecho,30,E4,24,0,25
Centaurium somedanum,Malconcecho,30,E4,25,0,25
Centaurium somedanum,Malconcecho,30,E4,26,0,25
Centaurium somedanum,Malconcecho,30,E4,27,0,25
Centaurium somedanum,Malconcecho,30,E4,28,0,25
